industry,date,exports_mill_nok,trend,seasonal,remainder,expected_mill_nok,remainder_sd,out_of_normal_range
0 Food and live animals,2018-01-01,482.174,6.209700240038352,-0.01393341627070326,-0.017461779009750877,490.66755631823685,0.07308368470176242,FALSE
0 Food and live animals,2018-02-01,484.891,6.22434180222208,0.01381678571569569,-0.05423446452666081,511.91499606101206,0.07308368470176242,FALSE
0 Food and live animals,2018-03-01,560.32,6.238983364405809,0.13802734496350522,-0.04850266027182659,588.1668754200515,0.07308368470176242,FALSE
0 Food and live animals,2018-04-01,504.307,6.252880131732527,-0.023721349603069167,-0.0059735725165026565,507.3285301147961,0.07308368470176242,FALSE
0 Food and live animals,2018-05-01,558.684,6.266776899059246,-0.023323175305925183,0.08213029439227704,514.632844829993,0.07308368470176242,FALSE
0 Food and live animals,2018-06-01,577.138,6.280670174449446,-0.05715679690112156,0.13456802847456117,504.4725245454203,0.07308368470176242,FALSE
0 Food and live animals,2018-07-01,489.753,6.294563449839645,-0.10661727696160829,0.005955009502124575,486.84518286375686,0.07308368470176242,FALSE
0 Food and live animals,2018-08-01,516.027,6.308757509712704,-0.0781741986983374,0.015575778679655983,508.0517492610634,0.07308368470176242,FALSE
0 Food and live animals,2018-09-01,495.333,6.322951569585764,-0.01463557625847886,-0.10308572966542773,549.1194489406435,0.07308368470176242,FALSE
0 Food and live animals,2018-10-01,585.406,6.332880197872897,0.07792745430371167,-0.03850202856922991,608.3848460346609,0.07308368470176242,FALSE
0 Food and live animals,2018-11-01,626.523,6.34280882616003,0.055766941292395115,0.041609718101293325,600.988480693644,0.07308368470176242,FALSE
0 Food and live animals,2018-12-01,620.352,6.350158409579652,0.032023244420317086,0.04810540487017256,591.2161307372236,0.07308368470176242,FALSE
0 Food and live animals,2019-01-01,580.454,6.357507992999275,-0.01393341627070326,0.020235979236828072,568.8259937525806,0.07308368470176242,FALSE
0 Food and live animals,2019-02-01,559.797,6.366351832090187,0.01381678571569569,-0.052594399795695246,590.0271883610365,0.07308368470176242,FALSE
0 Food and live animals,2019-03-01,662.138,6.375195671181099,0.13802734496350522,-0.017749022717697294,673.9952181435311,0.07308368470176242,FALSE
0 Food and live animals,2019-04-01,588.115,6.382165534398391,-0.023721349603069167,0.018478322211668896,577.3474113978749,0.07308368470176242,FALSE
0 Food and live animals,2019-05-01,603.74,6.389135397615682,-0.023323175305925183,0.037331419372856445,581.6170388557891,0.07308368470176242,FALSE
0 Food and live animals,2019-06-01,581.772,6.39419127426608,-0.05715679690112156,0.02904414103407227,565.1179539242518,0.07308368470176242,FALSE
0 Food and live animals,2019-07-01,528.941,6.399247150916478,-0.10661727696160829,-0.021752979507562387,540.5731004740941,0.07308368470176242,FALSE
0 Food and live animals,2019-08-01,579.008,6.40489641776502,-0.0781741986983374,0.03459407533659409,559.3202566686691,0.07308368470176242,FALSE
0 Food and live animals,2019-09-01,582.107,6.4105456846135604,-0.01463557625847886,-0.029255828724512156,599.3885836201496,0.07308368470176242,FALSE
0 Food and live animals,2019-10-01,623.293,6.413694742712222,0.07792745430371167,-0.056605483811280166,659.5924847784042,0.07308368470176242,FALSE
0 Food and live animals,2019-11-01,692.729,6.416843800810883,0.055766941292395115,0.06802812721425511,647.1711202239073,0.07308368470176242,FALSE
0 Food and live animals,2019-12-01,588.115,6.4164446219570035,0.032023244420317086,-0.07154535937033035,631.7336505904331,0.07308368470176242,FALSE
0 Food and live animals,2020-01-01,646.159,6.416045443103124,-0.01393341627070326,0.06893357669611344,603.1174939987698,0.07308368470176242,FALSE
0 Food and live animals,2020-02-01,648.244,6.412410267521997,0.01381678571569569,0.048040115449855314,617.8384733048407,0.07308368470176242,FALSE
0 Food and live animals,2020-03-01,705.22,6.408775091940869,0.13802734496350522,0.011707373965906598,697.0118673232903,0.07308368470176242,FALSE
0 Food and live animals,2020-04-01,589.099,6.404726138542996,-0.023721349603069167,-0.0024105379183936293,590.5207583899928,0.07308368470176242,FALSE
0 Food and live animals,2020-05-01,621.448,6.400677185145123,-0.023323175305925183,0.0546982290673137,588.3688280479863,0.07308368470176242,FALSE
0 Food and live animals,2020-06-01,542.004,6.395593873212985,-0.05715679690112156,-0.0431636948256493,565.9111439049832,0.07308368470176242,FALSE
0 Food and live animals,2020-07-01,570.05,6.3905105612808475,-0.10661727696160829,0.061830791960489684,535.8709056097052,0.07308368470176242,FALSE
0 Food and live animals,2020-08-01,470.891,6.387858981020674,-0.0781741986983374,-0.1550581375935467,549.8715922446269,0.07308368470176242,TRUE
0 Food and live animals,2020-09-01,553.334,6.3852074007605,-0.01463557625847886,-0.054610027000991046,584.3919029752225,0.07308368470176242,FALSE
0 Food and live animals,2020-10-01,670.657,6.390347189745549,0.07792745430371167,0.039983184879496925,644.3709979784627,0.07308368470176242,FALSE
0 Food and live animals,2020-11-01,650.442,6.395486978730598,0.055766941292395115,0.026398211771446967,633.496148497558,0.07308368470176242,FALSE
0 Food and live animals,2020-12-01,602.72,6.409418852224613,0.032023244420317086,-0.03998935270119919,627.3107906202501,0.07308368470176242,FALSE
0 Food and live animals,2021-01-01,551.832,6.423350725718628,-0.01393341627070326,-0.09617365732011596,607.53957033536,0.07308368470176242,FALSE
0 Food and live animals,2021-02-01,599.495,6.441545453558265,0.01381678571569569,-0.0592746051247417,636.1041064135461,0.07308368470176242,FALSE
0 Food and live animals,2021-03-01,754.331,6.459740181397902,0.13802734496350522,0.028063737360173313,733.4559390823447,0.07308368470176242,FALSE
0 Food and live animals,2021-04-01,670.697,6.478685335557135,-0.023721349603069167,0.05335348420290131,635.8508262795432,0.07308368470176242,FALSE
0 Food and live animals,2021-05-01,660.602,6.497630489716369,-0.023323175305925183,0.018844226092373795,648.2700247463807,0.07308368470176242,FALSE
0 Food and live animals,2021-06-01,616.396,6.521146401206342,-0.05715679690112156,-0.04009999017298149,641.6157500315835,0.07308368470176242,FALSE
0 Food and live animals,2021-07-01,701.552,6.544662312696315,-0.10661727696160829,0.11524998793153873,625.1833931501164,0.07308368470176242,FALSE
0 Food and live animals,2021-08-01,633.09,6.57032171818344,-0.0781741986983374,-0.04153492735277098,659.939074558882,0.07308368470176242,FALSE
0 Food and live animals,2021-09-01,688.973,6.5959811236705645,-0.01463557625847886,-0.04614346439413364,721.5095016390371,0.07308368470176242,FALSE
0 Food and live animals,2021-10-01,739.704,6.619271554653335,0.07792745430371167,-0.09094890278017154,810.1334676402041,0.07308368470176242,FALSE
0 Food and live animals,2021-11-01,774.87,6.642561985636106,0.055766941292395115,-0.04563365358089033,811.049369354025,0.07308368470176242,FALSE
0 Food and live animals,2021-12-01,871.341,6.668217715172773,0.032023244420317086,0.06979244466008083,812.6016057312548,0.07308368470176242,FALSE
0 Food and live animals,2022-01-01,847.621,6.693873444709439,-0.01393341627070326,0.06249357348615092,796.271356947481,0.07308368470176242,FALSE
0 Food and live animals,2022-02-01,825.282,6.725718667860795,0.01381678571569569,-0.023810307466516356,845.1680248586425,0.07308368470176242,FALSE
0 Food and live animals,2022-03-01,996.453,6.7575638910121505,0.13802734496350522,0.00861073748711405,987.9096399013646,0.07308368470176242,FALSE
0 Food and live animals,2022-04-01,823.131,6.793653190901498,-0.023721349603069167,-0.056816479533600805,871.2525085272557,0.07308368470176242,FALSE
0 Food and live animals,2022-05-01,848.453,6.829742490790845,-0.023323175305925183,-0.06300462421282749,903.629395391299,0.07308368470176242,FALSE
0 Food and live animals,2022-06-01,949.763,6.864120220614261,-0.05715679690112156,0.04924905607350105,904.1212013662973,0.07308368470176242,FALSE
0 Food and live animals,2022-07-01,825.615,6.898497950437676,-0.10661727696160829,-0.07575211030916496,890.5868909885663,0.07308368470176242,FALSE
0 Food and live animals,2022-08-01,951.871,6.928951059401783,-0.0781741986983374,0.007652660704716041,944.6144555524614,0.07308368470176242,FALSE
0 Food and live animals,2022-09-01,1123.552,6.959404168365889,-0.01463557625847886,0.07948178238103942,1037.7068358672998,0.07308368470176242,FALSE
0 Food and live animals,2022-10-01,1241.016,6.983288534383341,0.07792745430371167,0.06246968926280694,1165.8619791610254,0.07308368470176242,FALSE
0 Food and live animals,2022-11-01,1195.124,7.007172900400793,0.055766941292395115,0.023065382979512883,1167.8734871124273,0.07308368470176242,FALSE
0 Food and live animals,2022-12-01,1269.339,7.022652195573534,0.032023244420317086,0.09157613152504407,1158.2614849130994,0.07308368470176242,FALSE
0 Food and live animals,2023-01-01,1173.896,7.0381314907462755,-0.01393341627070326,0.04388533595783084,1123.4932397525258,0.07308368470176242,FALSE
0 Food and live animals,2023-02-01,1239.88,7.047561231776986,0.01381678571569569,0.06139186222992876,1166.050897689745,0.07308368470176242,FALSE
0 Food and live animals,2023-03-01,1282.929,7.0569909728076965,0.13802734496350522,-0.038117293735930424,1332.7747388261694,0.07308368470176242,FALSE
0 Food and live animals,2023-04-01,1080.534,7.0597119120546825,-0.023721349603069167,-0.05077992008627952,1136.8204462920733,0.07308368470176242,FALSE
0 Food and live animals,2023-05-01,1081.046,7.0624328513016685,-0.023323175305925183,-0.053425306070407075,1140.371854086158,0.07308368470176242,FALSE
0 Food and live animals,2023-06-01,1157.399,7.058538141546315,-0.05715679690112156,0.052549180488642655,1098.1490335015135,0.07308368470176242,FALSE
0 Food and live animals,2023-07-01,941.691,7.054643431790961,-0.10661727696160829,-0.10034895954282153,1041.092742880168,0.07308368470176242,FALSE
0 Food and live animals,2023-08-01,1211.645,7.046457019639524,-0.0781741986983374,0.1314513984928043,1062.3968576581308,0.07308368470176242,FALSE
0 Food and live animals,2023-09-01,1225.731,7.038270607488088,-0.01463557625847886,0.08765764846774715,1122.8608425221994,0.07308368470176242,FALSE
0 Food and live animals,2023-10-01,1241.438,7.0303189303559686,0.07792745430371167,0.01577927945231128,1222.002743305266,0.07308368470176242,FALSE
0 Food and live animals,2023-11-01,1267.947,7.022367253223849,0.055766941292395115,0.06702014150010616,1185.7540668431786,0.07308368470176242,FALSE
0 Food and live animals,2023-12-01,1086.123,7.014532795622234,0.032023244420317086,-0.05618628629355449,1148.8951725428576,0.07308368470176242,FALSE
0 Food and live animals,2024-01-01,1046.923,7.006698338020618,-0.01393341627070326,-0.03915425704132858,1088.727564994865,0.07308368470176242,FALSE
0 Food and live animals,2024-02-01,1085.796,7.0026481341417846,0.01381678571569569,-0.02639628231260538,1114.8385997817913,0.07308368470176242,FALSE
0 Food and live animals,2024-03-01,1055.953,6.998597930262952,0.13802734496350522,-0.1744263195264999,1257.1785904472874,0.07308368470176242,TRUE
0 Food and live animals,2024-04-01,1142.952,7.00157257542147,-0.023721349603069167,0.06351844234394921,1072.611089957878,0.07308368470176242,FALSE
0 Food and live animals,2024-05-01,1001.695,7.004547220579989,-0.023323175305925183,-0.071775201183228,1076.2349213395773,0.07308368470176242,FALSE
0 Food and live animals,2024-06-01,1023.308,7.020360709765493,-0.05715679690112156,-0.03240811695799106,1057.0147209353077,0.07308368470176242,FALSE
0 Food and live animals,2024-07-01,958.472,7.036174198950996,-0.10661727696160829,-0.0642165722412793,1022.0410353765091,0.07308368470176242,FALSE
0 Food and live animals,2024-08-01,1156.855,7.065546190042476,-0.0781741986983374,0.06608840388172688,1082.8719366958837,0.07308368470176242,FALSE
0 Food and live animals,2024-09-01,1175.926,7.094918181133957,-0.01463557625847886,-0.010471403566845616,1188.3042916476666,0.07308368470176242,FALSE
0 Food and live animals,2024-10-01,1326.016,7.1241814893413835,0.07792745430371167,-0.012174706607077646,1342.258529143207,0.07308368470176242,FALSE
0 Food and live animals,2024-11-01,1234.324,7.15344479754881,0.055766941292395115,-0.09093300806096227,1351.8262551510643,0.07308368470176242,FALSE
0 Food and live animals,2024-12-01,1223.713,7.169120194840012,0.032023244420317086,-0.09149848080630019,1340.9631980723698,0.07308368470176242,FALSE
0 Food and live animals,2025-01-01,1495.893,7.184795592131214,-0.01393341627070326,0.13961645605177253,1300.9657806997861,0.07308368470176242,FALSE
0 Food and live animals,2025-02-01,1644.501,7.189079066232084,0.01381678571569569,0.202296421768712,1343.31517921297,0.07308368470176242,TRUE
0 Food and live animals,2025-03-01,1857.425,7.193362540332956,0.13802734496350522,0.19555651362968085,1527.5033517216373,0.07308368470176242,TRUE
0 Food and live animals,2025-04-01,1388.178,7.188863528164475,-0.023721349603069167,0.0706051963579597,1293.545502166148,0.07308368470176242,FALSE
0 Food and live animals,2025-05-01,1362.144,7.184364515995995,-0.023323175305925183,0.05577386730294265,1288.2517436240266,0.07308368470176242,FALSE
0 Food and live animals,2025-06-01,1044.848,7.165250420693333,-0.05715679690112156,-0.15646692451829214,1221.8160833636791,0.07308368470176242,TRUE
0 Food and live animals,2025-07-01,1101.628,7.146136325390672,-0.10661727696160829,-0.03497468376320256,1140.838786455054,0.07308368470176242,FALSE
0 Food and live animals,2025-08-01,1076.225,7.115680562930507,-0.0781741986983374,-0.05629153756373828,1138.5449474194827,0.07308368470176242,FALSE
0 Food and live animals,2025-09-01,1268.333,7.085224800470342,-0.01463557625847886,0.07486949460368919,1176.8412533583735,0.07308368470176242,FALSE
0 Food and live animals,2025-10-01,1368.507,7.062224249061871,0.07792745430371167,0.08132394019158262,1261.6197665463053,0.07308368470176242,FALSE
0 Food and live animals,2025-11-01,1107.259,7.039223697653401,0.055766941292395115,-0.08534776792986865,1205.9110748389874,0.07308368470176242,FALSE
0 Food and live animals,2025-12-01,1229.521,7.025569037092387,0.032023244420317086,0.05678766011154668,1161.6448821198874,0.07308368470176242,FALSE
0 Food and live animals,2026-01-01,935.218,7.011914376531373,-0.01393341627070326,-0.1572013030681907,1094.4212462228552,0.07308368470176242,TRUE
0 Food and live animals,2026-02-01,1035.31,6.9988609009240665,0.01381678571569569,-0.07022150887831469,1110.6244310612167,0.07308368470176242,FALSE
0 Food and live animals,2026-03-01,1318.054,6.985807425316761,0.13802734496350522,0.06007691511132851,1241.2010397611732,0.07308368470176242,FALSE
0 Food and live animals,2026-04-01,974.817,6.973299583464585,-0.023721349603069167,-0.0673284727877661,1042.7098557157635,0.07308368470176242,FALSE
0 Food and live animals,2026-05-01,989.272,6.960791741612409,-0.023323175305925183,-0.04049924721823217,1030.159131926725,0.07308368470176242,FALSE
0 Food and live animals,2026-06-01,1005.744,6.949327488882557,-0.05715679690112156,0.021312153133426825,984.5362242631817,0.07308368470176242,FALSE
0 Food and live animals,2026-07-01,1047.697,6.937863236152705,-0.10661727696160829,0.12310374174862382,926.3442809134617,0.07308368470176242,FALSE
1 Beverages and tobacco,2018-01-01,9.907,2.525182346880066,0.26944508478059326,-0.5013858536697664,16.356533691219457,0.5598010588835065,FALSE
1 Beverages and tobacco,2018-02-01,12.458,2.5378486097283957,0.09042098030452106,-0.10590660320096301,13.849783351678509,0.5598010588835065,FALSE
1 Beverages and tobacco,2018-03-01,14.59,2.5505148725767253,0.1623148998593338,-0.032493409901364956,15.071865175565158,0.5598010588835065,FALSE
1 Beverages and tobacco,2018-04-01,18.667,2.556705169854715,0.08803489486658095,0.28201719432916406,14.07978477464388,0.5598010588835065,FALSE
1 Beverages and tobacco,2018-05-01,13.513,2.5628954671327047,0.11126380034329413,-0.07050708242004955,14.500153962534704,0.5598010588835065,FALSE
1 Beverages and tobacco,2018-06-01,18.793,2.5651959121429213,0.03757809241675501,0.3307104555147875,13.501138356048363,0.5598010588835065,FALSE
1 Beverages and tobacco,2018-07-01,14.988,2.5674963571531375,-0.26997232655988085,0.4097258503381842,9.9495172319686,0.5598010588835065,FALSE
1 Beverages and tobacco,2018-08-01,9.528,2.567088425886835,-0.43685964489606044,0.12400605106222429,8.41679219324347,0.5598010588835065,FALSE
1 Beverages and tobacco,2018-09-01,9.374,2.5666804946205324,-0.17827180462158673,-0.1504687904984312,10.896141001600453,0.5598010588835065,FALSE
1 Beverages and tobacco,2018-10-01,20.202,2.536888535622973,-0.016685048619054912,0.48557812240307463,12.431125978808183,0.5598010588835065,FALSE
1 Beverages and tobacco,2018-11-01,16.668,2.5070965766254134,0.26212783896743025,0.04426629796736359,15.946261540663787,0.5598010588835065,FALSE
1 Beverages and tobacco,2018-12-01,4.416,2.450974696557453,-0.11939667628116739,-0.8463437113014913,10.294173136712663,0.5598010588835065,FALSE
1 Beverages and tobacco,2019-01-01,39.585,2.394852816489492,0.26944508478059326,1.0141523573533116,14.357865367327793,0.5598010588835065,FALSE
1 Beverages and tobacco,2019-02-01,4.692,2.362347201826694,0.09042098030452106,-0.9069092513399861,11.62046981431797,0.5598010588835065,FALSE
1 Beverages and tobacco,2019-03-01,12.168,2.3298415871638962,0.1623148998593338,0.006653067933761303,12.087314171150592,0.5598010588835065,FALSE
1 Beverages and tobacco,2019-04-01,11.335,2.3454834203627057,0.08803489486658095,-0.005623031269794243,11.398916593533123,0.5598010588835065,FALSE
1 Beverages and tobacco,2019-05-01,15.399,2.3611252535615153,0.11126380034329413,0.2619135183414665,11.850725080117746,0.5598010588835065,FALSE
1 Beverages and tobacco,2019-06-01,7.593,2.421837503891657,0.03757809241675501,-0.432188826077315,11.697973203276778,0.5598010588835065,FALSE
1 Beverages and tobacco,2019-07-01,3.008,2.4825497542217985,-0.26997232655988085,-1.1113020215743243,9.139241797120008,0.5598010588835065,FALSE
1 Beverages and tobacco,2019-08-01,9.034,2.5815777073565287,-0.43685964489606044,0.056277174771944605,8.539633254671369,0.5598010588835065,FALSE
1 Beverages and tobacco,2019-09-01,16.439,2.680605660491259,-0.17827180462158673,0.2973227046577014,12.210959349878074,0.5598010588835065,FALSE
1 Beverages and tobacco,2019-10-01,24.679,2.7912249460176985,-0.016685048619054912,0.4314127821790672,16.031249279036242,0.5598010588835065,FALSE
1 Beverages and tobacco,2019-11-01,18.825,2.9018442315441377,0.26212783896743025,-0.2287862968256107,23.664406185234466,0.5598010588835065,FALSE
1 Beverages and tobacco,2019-12-01,13.345,2.9845021983388214,-0.11939667628116739,-0.27396373920116623,17.550905114497567,0.5598010588835065,FALSE
1 Beverages and tobacco,2020-01-01,32.557,3.067160165133505,0.26944508478059326,0.14638714938317499,28.12349224199636,0.5598010588835065,FALSE
1 Beverages and tobacco,2020-02-01,68.763,3.08530696688823,0.09042098030452106,1.0549378623875878,23.94424367076438,0.5598010588835065,FALSE
1 Beverages and tobacco,2020-03-01,35.669,3.1034537686429555,0.1623148998593338,0.30851329571242303,26.200242553785994,0.5598010588835065,FALSE
1 Beverages and tobacco,2020-04-01,28.946,3.069573143632302,0.08803489486658095,0.20782398671653013,23.51428334666125,0.5598010588835065,FALSE
1 Beverages and tobacco,2020-05-01,25.357,3.035692518621649,0.11126380034329413,0.08609850707652766,23.265145026745742,0.5598010588835065,FALSE
1 Beverages and tobacco,2020-06-01,26.895,2.987192551253954,0.03757809241675501,0.2671697520544969,20.589281887495524,0.5598010588835065,FALSE
1 Beverages and tobacco,2020-07-01,14.391,2.9386925838862594,-0.26997232655988085,-0.002117246138341855,14.421501567445628,0.5598010588835065,FALSE
1 Beverages and tobacco,2020-08-01,5.103,2.8632300481668356,-0.43685964489606044,-0.7965418011889405,11.317728649114809,0.5598010588835065,FALSE
1 Beverages and tobacco,2020-09-01,9.034,2.7877675124474113,-0.17827180462158673,-0.4085004705934119,13.592194685810867,0.5598010588835065,FALSE
1 Beverages and tobacco,2020-10-01,20.634,2.7242906490922234,-0.016685048619054912,0.3193346002050155,14.993332472867587,0.5598010588835065,FALSE
1 Beverages and tobacco,2020-11-01,10.254,2.660813785737035,0.26212783896743025,-0.5952737513429565,18.595909268033804,0.5598010588835065,FALSE
1 Beverages and tobacco,2020-12-01,28.25,2.661550929574762,-0.11939667628116739,0.7989392042988555,12.707015636877825,0.5598010588835065,FALSE
1 Beverages and tobacco,2021-01-01,15.485,2.6622880734124887,0.26944508478059326,-0.19186134476791583,18.760116586539734,0.5598010588835065,FALSE
1 Beverages and tobacco,2021-02-01,17.939,2.7335465040790146,0.09042098030452106,0.06300962933341792,16.843544781619816,0.5598010588835065,FALSE
1 Beverages and tobacco,2021-03-01,9.231,2.8048049347455404,0.1623148998593338,-0.7445524495968598,19.435860412339085,0.5598010588835065,FALSE
1 Beverages and tobacco,2021-04-01,12.225,2.8955746590292515,0.08803489486658095,-0.48012651853489663,19.75900928958048,0.5598010588835065,FALSE
1 Beverages and tobacco,2021-05-01,13.573,2.986344383312963,0.11126380034329413,-0.4895256583404288,22.144921303034693,0.5598010588835065,FALSE
1 Beverages and tobacco,2021-06-01,29.185,3.0660109512423386,0.03757809241675501,0.2700658349966609,22.27776383743349,0.5598010588835065,FALSE
1 Beverages and tobacco,2021-07-01,20.781,3.1456775191717137,-0.26997232655988085,0.15833391509674488,17.73792836802665,0.5598010588835065,FALSE
1 Beverages and tobacco,2021-08-01,25.043,3.206838435137981,-0.43685964489606044,0.45061555712024415,15.958295534616909,0.5598010588835065,FALSE
1 Beverages and tobacco,2021-09-01,40.166,3.2679993511042484,-0.17827180462158673,0.6032933201318245,21.97109105918338,0.5598010588835065,FALSE
1 Beverages and tobacco,2021-10-01,39.532,3.2570620321518176,-0.016685048619054912,0.43673348698117476,25.543349354591093,0.5598010588835065,FALSE
1 Beverages and tobacco,2021-11-01,36.914,3.246124713199387,0.26212783896743025,0.10033833071828235,33.38986971952794,0.5598010588835065,FALSE
1 Beverages and tobacco,2021-12-01,39.237,3.1489194548099757,-0.11939667628116739,0.6400974006463169,20.68735778202605,0.5598010588835065,FALSE
1 Beverages and tobacco,2022-01-01,26.106,3.051714196420564,0.26944508478059326,-0.058994108234559306,27.69243527694881,0.5598010588835065,FALSE
1 Beverages and tobacco,2022-02-01,25.717,2.9101562553786797,0.09042098030452106,0.246575016136656,20.097134358720766,0.5598010588835065,FALSE
1 Beverages and tobacco,2022-03-01,31.355,2.7685983143367956,0.1623148998593338,0.5144605297988547,18.74474064612894,0.5598010588835065,FALSE
1 Beverages and tobacco,2022-04-01,9.978,2.598440321168766,0.08803489486658095,-0.38609254659650105,14.679841351880253,0.5598010588835065,FALSE
1 Beverages and tobacco,2022-05-01,5.11,2.428282328000736,0.11126380034329413,-0.9083467241284173,12.67391733337844,0.5598010588835065,FALSE
1 Beverages and tobacco,2022-06-01,5.578,2.2382984807218724,0.03757809241675501,-0.5570462839333301,9.736449983524782,0.5598010588835065,FALSE
1 Beverages and tobacco,2022-07-01,9.332,2.0483146334430082,-0.26997232655988085,0.45510704727605633,5.920034679385878,0.5598010588835065,FALSE
1 Beverages and tobacco,2022-08-01,11.438,1.8791652599687692,-0.43685964489606044,0.9946355304204162,4.230438343832072,0.5598010588835065,FALSE
1 Beverages and tobacco,2022-09-01,4.672,1.7100158864945303,-0.17827180462158673,0.009843163652982323,4.626238328701722,0.5598010588835065,FALSE
1 Beverages and tobacco,2022-10-01,2.804,1.594027168359586,-0.016685048619054912,-0.5462951505681874,4.842069053342216,0.5598010588835065,FALSE
1 Beverages and tobacco,2022-11-01,6.923,1.4780384502246418,0.26212783896743025,0.19468291250381653,5.698290908082812,0.5598010588835065,FALSE
1 Beverages and tobacco,2022-12-01,2.677,1.3894504783225754,-0.11939667628116739,-0.28535703750319263,3.561044148646349,0.5598010588835065,FALSE
1 Beverages and tobacco,2023-01-01,2.592,1.3008625064205093,0.26944508478059326,-0.6178778127110742,4.808126903873827,0.5598010588835065,FALSE
1 Beverages and tobacco,2023-02-01,1.983,1.1933434900566362,0.09042098030452106,-0.5991536208234983,3.6102046856416674,0.5598010588835065,FALSE
1 Beverages and tobacco,2023-03-01,5.93,1.0858244736927631,0.1623148998593338,0.5318848394575371,3.4838547709604417,0.5598010588835065,FALSE
1 Beverages and tobacco,2023-04-01,2.009,0.9681778514169364,0.08803489486658095,-0.35857566045072,2.875460243933444,0.5598010588835065,FALSE
1 Beverages and tobacco,2023-05-01,5.629,0.8505312291411095,0.11126380034329413,0.7661367769974857,2.616388755729841,0.5598010588835065,FALSE
1 Beverages and tobacco,2023-06-01,3.811,0.7339514378230056,0.03757809241675501,0.5663620916519625,2.1630722092157817,0.5598010588835065,FALSE
1 Beverages and tobacco,2023-07-01,1.911,0.617371646504902,-0.26997232655988085,0.3002273453131148,1.4153818027232385,0.5598010588835065,FALSE
1 Beverages and tobacco,2023-08-01,1.372,0.5210117359862886,-0.43685964489606044,0.23211743821346542,1.0877943250530395,0.5598010588835065,FALSE
1 Beverages and tobacco,2023-09-01,1.242,0.4246518254676752,-0.17827180462158673,-0.02965703733480146,1.2793856743981171,0.5598010588835065,FALSE
1 Beverages and tobacco,2023-10-01,0.507,0.33816462043892115,-0.016685048619054912,-1.00072384721082,1.3791668318698724,0.5598010588835065,FALSE
1 Beverages and tobacco,2023-11-01,1.231,0.251677415410167,0.26212783896743025,-0.30597840717528074,1.6716401235385705,0.5598010588835065,FALSE
1 Beverages and tobacco,2023-12-01,0.306,0.19071201054907416,-0.11939667628116739,-1.255485511297663,1.0739198162000165,0.5598010588835065,TRUE
1 Beverages and tobacco,2024-01-01,1.73,0.1297466056879813,0.26944508478059326,0.14892971804111305,1.4906193287401657,0.5598010588835065,FALSE
1 Beverages and tobacco,2024-02-01,2.203,0.15793460272542048,0.09042098030452106,0.5414644847902644,1.2819156786225054,0.5598010588835065,FALSE
1 Beverages and tobacco,2024-03-01,1.283,0.18612259976285966,0.1623148998593338,-0.09923641398869415,1.416851986371609,0.5598010588835065,FALSE
1 Beverages and tobacco,2024-04-01,1.059,0.3378003856524472,0.08803489486658095,-0.3685102138997588,1.5308685904842947,0.5598010588835065,FALSE
1 Beverages and tobacco,2024-05-01,1.836,0.4894781715420347,0.11126380034329413,0.006847320312969862,1.8234712629946952,0.5598010588835065,FALSE
1 Beverages and tobacco,2024-06-01,1.957,0.689606183743969,0.03757809241675501,-0.05577158774678481,2.0692459719550143,0.5598010588835065,FALSE
1 Beverages and tobacco,2024-07-01,0.729,0.8897341959459033,-0.26997232655988085,-0.9358434163595014,1.8584854268725766,0.5598010588835065,FALSE
1 Beverages and tobacco,2024-08-01,0.497,1.0698941527340038,-0.43685964489606044,-1.3321997607234517,1.8833168567769154,0.5598010588835065,TRUE
1 Beverages and tobacco,2024-09-01,7.593,1.2500541095221043,-0.17827180462158673,0.9554444653305794,2.9205802284118376,0.5598010588835065,FALSE
1 Beverages and tobacco,2024-10-01,8.363,1.402747000633516,-0.016685048619054912,0.7377552623849275,3.9990704715978986,0.5598010588835065,FALSE
1 Beverages and tobacco,2024-11-01,14.126,1.5554398917449277,0.26212783896743025,0.8304493402743727,6.156865069489205,0.5598010588835065,FALSE
1 Beverages and tobacco,2024-12-01,6.622,1.6569401945036066,-0.11939667628116739,0.35285392090261514,4.653145852245628,0.5598010588835065,FALSE
1 Beverages and tobacco,2025-01-01,8.949,1.7584404972622856,0.26944508478059326,0.1636562121578422,7.598004006255082,0.5598010588835065,FALSE
1 Beverages and tobacco,2025-02-01,14.319,1.763415038937549,0.09042098030452106,0.8077513074497991,6.384262765067235,0.5598010588835065,FALSE
1 Beverages and tobacco,2025-03-01,4.92,1.7683895806128125,0.1623148998593338,-0.33739594996792954,6.8943654770176135,0.5598010588835065,FALSE
1 Beverages and tobacco,2025-04-01,12.282,1.6818356905683851,0.08803489486658095,0.7382641904722416,5.870093636609246,0.5598010588835065,FALSE
1 Beverages and tobacco,2025-05-01,4.874,1.5952818005239577,0.11126380034329413,-0.12263064566423743,5.509895188137267,0.5598010588835065,FALSE
1 Beverages and tobacco,2025-06-01,2.038,1.5157479779188576,0.03757809241675501,-0.8413571355350796,4.727166953613635,0.5598010588835065,FALSE
1 Beverages and tobacco,2025-07-01,5.79,1.4362141553137577,-0.26997232655988085,0.5898904628310271,3.209906563434268,0.5598010588835065,FALSE
1 Beverages and tobacco,2025-08-01,3.26,1.3882061705383544,-0.43685964489606044,0.2303806697363222,2.5891937288436986,0.5598010588835065,FALSE
1 Beverages and tobacco,2025-09-01,0.863,1.3401981857629508,-0.17827180462158673,-1.3092669690400731,3.196084226056335,0.5598010588835065,TRUE
1 Beverages and tobacco,2025-10-01,1.604,1.3852147538774766,-0.016685048619054912,-0.8960291958140989,3.9295688216076132,0.5598010588835065,FALSE
1 Beverages and tobacco,2025-11-01,5.054,1.4302313219920024,0.26212783896743025,-0.07217915199343006,5.432281225738465,0.5598010588835065,FALSE
1 Beverages and tobacco,2025-12-01,9.46,1.5382214900122992,-0.11939667628116739,0.8282475693326554,4.1322614088100895,0.5598010588835065,FALSE
1 Beverages and tobacco,2026-01-01,5.672,1.646211658032596,0.26944508478059326,-0.18011495358336305,6.791397534239358,0.5598010588835065,FALSE
1 Beverages and tobacco,2026-02-01,1.944,1.7599528797928676,0.09042098030452106,-1.1856261540591415,6.362197649863671,0.5598010588835065,TRUE
1 Beverages and tobacco,2026-03-01,6.035,1.873694101553139,0.1623148998593338,-0.2384331468629779,7.659977155309457,0.5598010588835065,FALSE
1 Beverages and tobacco,2026-04-01,10.64,1.9962450297386773,0.08803489486658095,0.2803405593082404,8.038800854405293,0.5598010588835065,FALSE
1 Beverages and tobacco,2026-05-01,13.595,2.1187959579242155,0.11126380034329413,0.37964231981692453,9.300421839974042,0.5598010588835065,FALSE
1 Beverages and tobacco,2026-06-01,14.283,2.252342073584408,0.03757809241675501,0.3691498528793282,9.874149356877789,0.5598010588835065,FALSE
1 Beverages and tobacco,2026-07-01,8.815,2.3858881892446004,-0.26997232655988085,0.06053895316511415,8.297181366126567,0.5598010588835065,FALSE
"2 Crude materials, inedible, except fuels",2018-01-01,4.651,2.6900263212146003,-0.6048771604088166,-0.5480669105638238,8.045791508941592,0.8690301768898596,FALSE
"2 Crude materials, inedible, except fuels",2018-02-01,16.829,2.679451782135743,-0.4518278208189027,0.5954796274140959,9.277795468626518,0.8690301768898596,FALSE
"2 Crude materials, inedible, except fuels",2018-03-01,9.808,2.6688772430568863,0.48608930759998686,-0.8717681714630177,23.452252615866154,0.8690301768898596,FALSE
"2 Crude materials, inedible, except fuels",2018-04-01,63.454,2.6600283733023278,0.19338771270427368,1.2968991479319159,17.34693937628442,0.8690301768898596,FALSE
"2 Crude materials, inedible, except fuels",2018-05-01,7.587,2.651179503547769,0.020874985700233214,-0.6456182328920645,14.469666450153113,0.8690301768898596,FALSE
"2 Crude materials, inedible, except fuels",2018-06-01,34.527,2.6479400407693747,0.2930617649120837,0.6007398209730055,18.934805809840782,0.8690301768898596,FALSE
"2 Crude materials, inedible, except fuels",2018-07-01,5.184,2.64470057799098,-0.6386095460413267,-0.3605140728996794,7.4342004238962325,0.8690301768898596,FALSE
"2 Crude materials, inedible, except fuels",2018-08-01,62.05,2.6468149536737586,0.26447369039174784,1.2166518675851092,18.380469194784382,0.8690301768898596,FALSE
"2 Crude materials, inedible, except fuels",2018-09-01,7.017,2.648929329356538,0.0714648692196546,-0.7720584223060409,15.186307485978242,0.8690301768898596,FALSE
"2 Crude materials, inedible, except fuels",2018-10-01,10.894,2.654246293256627,-0.0478254271087724,-0.21820868718637199,13.550465028019623,0.8690301768898596,FALSE
"2 Crude materials, inedible, except fuels",2018-11-01,6.648,2.6595632571567163,0.9530648526573715,-1.7183120522609407,37.063331434469085,0.8690301768898596,FALSE
"2 Crude materials, inedible, except fuels",2018-12-01,8.764,2.669949371102473,-0.5392770744916472,0.03998012512239413,8.420525999991497,0.8690301768898596,FALSE
"2 Crude materials, inedible, except fuels",2019-01-01,11.493,2.68033548504823,-0.6048771604088166,0.3662798297472083,7.968197643568703,0.8690301768898596,FALSE
"2 Crude materials, inedible, except fuels",2019-02-01,17.799,2.7135283931402574,-0.4518278208189027,0.6174417036232613,9.599399767701918,0.8690301768898596,FALSE
"2 Crude materials, inedible, except fuels",2019-03-01,80.41,2.746721301232285,0.48608930759998686,1.154327937727786,25.350808140336472,0.8690301768898596,FALSE
"2 Crude materials, inedible, except fuels",2019-04-01,5.978,2.820214355748611,0.19338771270427368,-1.2255160045911384,20.360608300135635,0.8690301768898596,FALSE
"2 Crude materials, inedible, except fuels",2019-05-01,14.793,2.8937074102649376,0.020874985700233214,-0.22042830005507197,18.44110971269889,0.8690301768898596,FALSE
"2 Crude materials, inedible, except fuels",2019-06-01,142.078,2.9456986866497745,0.2930617649120837,1.717615751006349,25.502091070367765,0.8690301768898596,FALSE
"2 Crude materials, inedible, except fuels",2019-07-01,2.236,2.9976899630346114,-0.6386095460413267,-1.554391861700432,10.58121667010938,0.8690301768898596,FALSE
"2 Crude materials, inedible, except fuels",2019-08-01,11.047,3.0151273400468273,0.26447369039174784,-0.877442132548437,26.56517189033615,0.8690301768898596,FALSE
"2 Crude materials, inedible, except fuels",2019-09-01,79.833,3.032564717059043,0.0714648692196546,1.2759073665301015,22.287580304000542,0.8690301768898596,FALSE
"2 Crude materials, inedible, except fuels",2019-10-01,13.132,3.0372299833706933,-0.0478254271087724,-0.41435255662257475,19.873845211014732,0.8690301768898596,FALSE
"2 Crude materials, inedible, except fuels",2019-11-01,86.728,3.041895249682343,0.9530648526573715,0.4678166820192762,54.32367319311693,0.8690301768898596,FALSE
"2 Crude materials, inedible, except fuels",2019-12-01,21.155,3.0393482453300966,-0.5392770744916472,0.5518051133335815,12.183361029867713,0.8690301768898596,FALSE
"2 Crude materials, inedible, except fuels",2020-01-01,6.899,3.03680124097785,-0.6048771604088166,-0.5005476070050618,11.380758523568486,0.8690301768898596,FALSE
"2 Crude materials, inedible, except fuels",2020-02-01,11.679,3.0320069637061984,-0.4518278208189027,-0.12238678559086713,13.199502544867391,0.8690301768898596,FALSE
"2 Crude materials, inedible, except fuels",2020-03-01,135.744,3.027212686434546,0.48608930759998686,1.3974687649076838,33.55889631148522,0.8690301768898596,FALSE
"2 Crude materials, inedible, except fuels",2020-04-01,10.307,3.0130033279529975,0.19338771270427368,-0.8735677646026154,24.689820684592682,0.8690301768898596,FALSE
"2 Crude materials, inedible, except fuels",2020-05-01,10.534,2.9987939694714485,0.020874985700233214,-0.6650608341104838,20.48450927075871,0.8690301768898596,FALSE
"2 Crude materials, inedible, except fuels",2020-06-01,15.854,3.006840952938862,0.2930617649120837,-0.5364808834359818,27.11000147316751,0.8690301768898596,FALSE
"2 Crude materials, inedible, except fuels",2020-07-01,10.649,3.0148879364062755,-0.6386095460413267,-0.010812399331702416,10.764765966584926,0.8690301768898596,FALSE
"2 Crude materials, inedible, except fuels",2020-08-01,117.556,3.0281183992304044,0.26447369039174784,1.4743227261710627,26.91253301981885,0.8690301768898596,FALSE
"2 Crude materials, inedible, except fuels",2020-09-01,5.948,3.041348862054533,0.0714648692196546,-1.3297587026762787,22.48422003252156,0.8690301768898596,FALSE
"2 Crude materials, inedible, except fuels",2020-10-01,14.048,3.0701387600319414,-0.0478254271087724,-0.3798332960304083,20.538749735856587,0.8690301768898596,FALSE
"2 Crude materials, inedible, except fuels",2020-11-01,120.304,3.09892865800935,0.9530648526573715,0.7380283619689489,57.51199361531438,0.8690301768898596,FALSE
"2 Crude materials, inedible, except fuels",2020-12-01,24.351,3.1285426894302484,-0.5392770744916472,0.6033073015085471,13.319986011694434,0.8690301768898596,FALSE
"2 Crude materials, inedible, except fuels",2021-01-01,15.163,3.1581567208511467,-0.6048771604088166,0.1655786893764719,12.849174402472128,0.8690301768898596,FALSE
"2 Crude materials, inedible, except fuels",2021-02-01,12.486,3.1742616744668593,-0.4518278208189027,-0.19782583700840384,15.217313925534835,0.8690301768898596,FALSE
"2 Crude materials, inedible, except fuels",2021-03-01,20.481,3.1903666280825718,0.48608930759998686,-0.656958308578306,39.506133395266296,0.8690301768898596,FALSE
"2 Crude materials, inedible, except fuels",2021-04-01,16.674,3.215761808574152,0.19338771270427368,-0.5952989012900045,30.239515255690158,0.8690301768898596,FALSE
"2 Crude materials, inedible, except fuels",2021-05-01,126.46,3.241156989065732,0.020874985700233214,1.5778940778645016,26.102522959347198,0.8690301768898596,FALSE
"2 Crude materials, inedible, except fuels",2021-06-01,18.456,3.2614836051374345,0.2930617649120837,-0.6391558491780658,34.97191707207443,0.8690301768898596,FALSE
"2 Crude materials, inedible, except fuels",2021-07-01,9.963,3.2818102212091373,-0.6386095460413267,-0.34432244410509183,14.058127175064616,0.8690301768898596,FALSE
"2 Crude materials, inedible, except fuels",2021-08-01,12.921,3.3185948922623987,0.26447369039174784,-1.0242146879140637,35.983790841347606,0.8690301768898596,FALSE
"2 Crude materials, inedible, except fuels",2021-09-01,167.161,3.35537956331566,0.0714648692196546,1.6921129873189207,30.779362987546406,0.8690301768898596,FALSE
"2 Crude materials, inedible, except fuels",2021-10-01,12.69,3.393919442264913,-0.0478254271087724,-0.8052797334298445,28.391619544409846,0.8690301768898596,FALSE
"2 Crude materials, inedible, except fuels",2021-11-01,131.417,3.4324593212141665,0.9530648526573715,0.49285129976191877,80.28029301799093,0.8690301768898596,FALSE
"2 Crude materials, inedible, except fuels",2021-12-01,20.81,3.4793337135912488,-0.5392770744916472,0.09537700130594162,18.91691771909984,0.8690301768898596,FALSE
"2 Crude materials, inedible, except fuels",2022-01-01,14.846,3.5262081059683306,-0.6048771604088166,-0.22360047686415863,18.565981333414584,0.8690301768898596,FALSE
"2 Crude materials, inedible, except fuels",2022-02-01,11.983,3.5878161492702922,-0.4518278208189027,-0.6524993497510096,23.011367396166634,0.8690301768898596,FALSE
"2 Crude materials, inedible, except fuels",2022-03-01,153.965,3.6494241925722535,0.48608930759998686,0.9012118036837555,62.52168772635731,0.8690301768898596,FALSE
"2 Crude materials, inedible, except fuels",2022-04-01,26.698,3.7011572189299837,0.19338771270427368,-0.6099562754007168,49.13368908683696,0.8690301768898596,FALSE
"2 Crude materials, inedible, except fuels",2022-05-01,21.534,3.752890245287714,0.020874985700233214,-0.7041321495944217,43.54370868534623,0.8690301768898596,FALSE
"2 Crude materials, inedible, except fuels",2022-06-01,175.623,3.802292509996083,0.2930617649120837,1.0729853772146445,60.06061335705204,0.8690301768898596,FALSE
"2 Crude materials, inedible, except fuels",2022-07-01,11.878,3.851694774704452,-0.6386095460413267,-0.7383972790694568,24.855653424579284,0.8690301768898596,FALSE
"2 Crude materials, inedible, except fuels",2022-08-01,165.985,3.8904405542148153,0.26447369039174784,0.9569831782213551,63.74649770741963,0.8690301768898596,FALSE
"2 Crude materials, inedible, except fuels",2022-09-01,46.173,3.9291863337251787,0.0714648692196546,-0.16825599127890678,54.633716088331326,0.8690301768898596,FALSE
"2 Crude materials, inedible, except fuels",2022-10-01,50.956,3.943196570926643,-0.0478254271087724,0.03559137142966984,49.17430071398673,0.8690301768898596,FALSE
"2 Crude materials, inedible, except fuels",2022-11-01,205.732,3.957206808128108,0.9530648526573715,0.41630269013301513,135.6762673238447,0.8690301768898596,FALSE
"2 Crude materials, inedible, except fuels",2022-12-01,28.371,3.9259567973137934,-0.5392770744916472,-0.04131222612066132,29.567616427553393,0.8690301768898596,FALSE
"2 Crude materials, inedible, except fuels",2023-01-01,20.272,3.8947067864994787,-0.6048771604088166,-0.2805890025118791,26.838290721845073,0.8690301768898596,FALSE
"2 Crude materials, inedible, except fuels",2023-02-01,46.576,3.841105675059257,-0.4518278208189027,0.4518075327629125,29.644536862184726,0.8690301768898596,FALSE
"2 Crude materials, inedible, except fuels",2023-03-01,37.536,3.7875045636190356,0.48608930759998686,-0.64829339874795755,71.77913760433913,0.8690301768898596,FALSE
"2 Crude materials, inedible, except fuels",2023-04-01,210.808,3.755210778682586,0.19338771270427368,1.4023492752243758,51.86262995347465,0.8690301768898596,FALSE
"2 Crude materials, inedible, except fuels",2023-05-01,21.28,3.7229169937461366,0.020874985700233214,-0.6860243149729262,42.257927927142596,0.8690301768898596,FALSE
"2 Crude materials, inedible, except fuels",2023-06-01,29.601,3.7335573939495035,0.2930617649120837,-0.6388110143184478,56.071023215403315,0.8690301768898596,FALSE
"2 Crude materials, inedible, except fuels",2023-07-01,24.119,3.744197794152871,-0.6386095460413267,0.07741166351815965,22.3223461918597,0.8690301768898596,FALSE
"2 Crude materials, inedible, except fuels",2023-08-01,14.414,3.789298896790914,0.26447369039174784,-1.3855726306804126,57.614402922525606,0.8690301768898596,FALSE
"2 Crude materials, inedible, except fuels",2023-09-01,115.412,3.8343999994289577,0.0714648692196546,0.842643466154386,49.69303928412347,0.8690301768898596,FALSE
"2 Crude materials, inedible, except fuels",2023-10-01,33.866,3.9136244602734247,-0.0478254271087724,-0.34338747192150354,47.741404161654124,0.8690301768898596,FALSE
"2 Crude materials, inedible, except fuels",2023-11-01,142.731,3.9928489211178917,0.9530648526573715,0.015047966077419872,140.59926809436206,0.8690301768898596,FALSE
"2 Crude materials, inedible, except fuels",2023-12-01,18.319,4.100465040274479,-0.5392770744916472,-0.6532491931795095,35.20499464221253,0.8690301768898596,FALSE
"2 Crude materials, inedible, except fuels",2024-01-01,151.569,4.208081159431066,-0.6048771604088166,1.4178369677878866,36.715683203433706,0.8690301768898596,FALSE
"2 Crude materials, inedible, except fuels",2024-02-01,37.003,4.310187517893107,-0.4518278208189027,-0.24736070663579213,47.387557634217146,0.8690301768898596,FALSE
"2 Crude materials, inedible, except fuels",2024-03-01,69.122,4.412293876355149,0.48608930759998686,-0.6625101246927656,134.07283324298365,0.8690301768898596,FALSE
"2 Crude materials, inedible, except fuels",2024-04-01,337.445,4.470085282998319,0.19338771270427368,1.1579295383671226,106.00359362951026,0.8690301768898596,FALSE
"2 Crude materials, inedible, except fuels",2024-05-01,51.328,4.527876689641489,0.020874985700233214,-0.6105152630976725,94.51435004900557,0.8690301768898596,FALSE
"2 Crude materials, inedible, except fuels",2024-06-01,218.563,4.524356415135887,0.2930617649120837,0.5696561224481576,123.64544804264762,0.8690301768898596,FALSE
"2 Crude materials, inedible, except fuels",2024-07-01,34.319,4.520836140630284,-0.6386095460413267,-0.34652745792283923,48.532156292672006,0.8690301768898596,FALSE
"2 Crude materials, inedible, except fuels",2024-08-01,241.589,4.475383964129074,0.26447369039174784,0.747380280702,114.41791364817755,0.8690301768898596,FALSE
"2 Crude materials, inedible, except fuels",2024-09-01,78.702,4.429931787627864,0.0714648692196546,-0.13572808878645493,90.14294218020886,0.8690301768898596,FALSE
"2 Crude materials, inedible, except fuels",2024-10-01,201.489,4.399035680054402,-0.0478254271087724,0.9545245363802701,77.5722882279612,0.8690301768898596,FALSE
"2 Crude materials, inedible, except fuels",2024-11-01,125.996,4.36813957248094,0.9530648526573715,-0.4849542647224956,204.63019538154867,0.8690301768898596,FALSE
"2 Crude materials, inedible, except fuels",2024-12-01,26.359,4.339120325741057,-0.5392770744916472,-0.5280334786017726,44.69417818761075,0.8690301768898596,FALSE
"2 Crude materials, inedible, except fuels",2025-01-01,23.737,4.310101079001173,-0.6048771604088166,-0.5381889063935419,40.659150637416516,0.8690301768898596,FALSE
"2 Crude materials, inedible, except fuels",2025-02-01,46.37,4.25712800810971,-0.4518278208189027,0.0313525111125621,44.93873812649752,0.8690301768898596,FALSE
"2 Crude materials, inedible, except fuels",2025-03-01,38.555,4.204154937218246,0.48608930759998686,-1.038158451533309,108.87976987964363,0.8690301768898596,FALSE
"2 Crude materials, inedible, except fuels",2025-04-01,241.727,4.173997864440303,0.19338771270427368,1.1204234130557351,78.83724812679448,0.8690301768898596,FALSE
"2 Crude materials, inedible, except fuels",2025-05-01,196.166,4.1438407916623605,0.020874985700233214,1.114245462193165,64.37438318608346,0.8690301768898596,FALSE
"2 Crude materials, inedible, except fuels",2025-06-01,22.389,4.152199072149969,0.2930617649120837,-1.3366910702446928,85.22210402172522,0.8690301768898596,FALSE
"2 Crude materials, inedible, except fuels",2025-07-01,199.99,4.160557352637577,-0.6386095460413267,1.7763195587017453,33.85029812631799,0.8690301768898596,TRUE
"2 Crude materials, inedible, except fuels",2025-08-01,26.274,4.155467560402142,0.26447369039174784,-1.151361393746574,83.09140366094762,0.8690301768898596,FALSE
"2 Crude materials, inedible, except fuels",2025-09-01,16.015,4.150377768166709,0.0714648692196546,-1.4483168543252418,68.15896089953966,0.8690301768898596,FALSE
"2 Crude materials, inedible, except fuels",2025-10-01,184.95,4.1312938248645725,-0.0478254271087724,1.1366171205226632,59.35096603001415,0.8690301768898596,FALSE
"2 Crude materials, inedible, except fuels",2025-11-01,166.214,4.112209881562437,0.9530648526573715,0.04800138051430736,158.42396057860523,0.8690301768898596,FALSE
"2 Crude materials, inedible, except fuels",2025-12-01,33.596,4.147602777398166,-0.5392770744916472,-0.09391869064313862,36.90421244405997,0.8690301768898596,FALSE
"2 Crude materials, inedible, except fuels",2026-01-01,40.573,4.182995673233894,-0.6048771604088166,0.12498430792510096,35.80610869629584,0.8690301768898596,FALSE
"2 Crude materials, inedible, except fuels",2026-02-01,26.498,4.229845759142231,-0.4518278208189027,-0.5009486798773968,43.72928164875159,0.8690301768898596,FALSE
"2 Crude materials, inedible, except fuels",2026-03-01,173.104,4.276695845050567,0.48608930759998686,0.3911074172946636,117.0715343480857,0.8690301768898596,FALSE
"2 Crude materials, inedible, except fuels",2026-04-01,16.513,4.32629845886335,0.19338771270427368,-1.715538222086773,91.80678187829922,0.8690301768898596,FALSE
"2 Crude materials, inedible, except fuels",2026-05-01,178.652,4.375901072676133,0.020874985700233214,0.7886637211045553,81.18869865667766,0.8690301768898596,FALSE
"2 Crude materials, inedible, except fuels",2026-06-01,47.249,4.430658679561199,0.2930617649120837,-0.8682889547786554,112.58634568719656,0.8690301768898596,FALSE
"2 Crude materials, inedible, except fuels",2026-07-01,196.795,4.485416286446264,-0.6386095460413267,1.4353558373863997,46.84324151863467,0.8690301768898596,FALSE
"3 Mineral fuels, lubricants and related materials",2018-01-01,427.146,7.939859227762355,-1.573318138391051,-0.3094152142094222,582.0411148865965,1.6995645937387416,FALSE
"3 Mineral fuels, lubricants and related materials",2018-02-01,777.448,7.783449531808493,-1.5269541982168542,0.39952142719617534,521.3884417810038,1.6995645937387416,FALSE
"3 Mineral fuels, lubricants and related materials",2018-03-01,1067.07,7.627039835854631,-0.4502931774408661,-0.20407480476529827,1308.6438597439733,1.6995645937387416,FALSE
"3 Mineral fuels, lubricants and related materials",2018-04-01,1850.126,7.478441566114605,-1.36791601175985,1.4124834695064719,450.57545484482694,1.6995645937387416,FALSE
"3 Mineral fuels, lubricants and related materials",2018-05-01,1774.659,7.329843296374579,0.756479035412753,-0.6049587610098772,3249.714196074024,1.6995645937387416,FALSE
"3 Mineral fuels, lubricants and related materials",2018-06-01,2537.269,7.18929262414548,0.9941363367747705,-0.34458537619685714,3581.1131288779447,1.6995645937387416,FALSE
"3 Mineral fuels, lubricants and related materials",2018-07-01,2084.028,7.04874195191638,0.9036633526952499,-0.31034746612805453,2842.403581155695,1.6995645937387416,FALSE
"3 Mineral fuels, lubricants and related materials",2018-08-01,1769.622,6.910412138535347,1.1734275960362905,-0.6053184911328353,3241.6564708406645,1.6995645937387416,FALSE
"3 Mineral fuels, lubricants and related materials",2018-09-01,1031.995,6.772082325154313,0.6567989479991212,-0.48963217208490395,1683.9226697189383,1.6995645937387416,FALSE
"3 Mineral fuels, lubricants and related materials",2018-10-01,3336.92,6.689695009067028,0.5406455944516465,0.8824629013163197,1380.6926927979182,1.6995645937387416,FALSE
"3 Mineral fuels, lubricants and related materials",2018-11-01,1920.211,6.607307692979744,-0.13565390095242674,1.0885365627897388,646.5521060013419,1.6995645937387416,FALSE
"3 Mineral fuels, lubricants and related materials",2018-12-01,669.783,6.600450930977361,0.02898412548095507,-0.12248127713096757,757.0543568382659,1.6995645937387416,FALSE
"3 Mineral fuels, lubricants and related materials",2019-01-01,0.526,6.593594168974979,-1.573318138391051,-5.662730096828355,151.45310371341503,1.6995645937387416,TRUE
"3 Mineral fuels, lubricants and related materials",2019-02-01,1157.156,6.53989635341696,-1.5269541982168542,2.040778394365299,150.3464285932713,1.6995645937387416,FALSE
"3 Mineral fuels, lubricants and related materials",2019-03-01,1441.828,6.486198537858941,-0.4502931774408661,1.2377616715330664,418.17723942512106,1.6995645937387416,FALSE
"3 Mineral fuels, lubricants and related materials",2019-04-01,923.36,6.40518271045818,-1.36791601175985,1.7907524922643256,154.04837842518802,1.6995645937387416,FALSE
"3 Mineral fuels, lubricants and related materials",2019-05-01,1966.663,6.324166883057419,0.756479035412753,0.5034475583470108,1188.7360971871174,1.6995645937387416,FALSE
"3 Mineral fuels, lubricants and related materials",2019-06-01,1316.832,6.25053913145087,0.9941363367747705,-0.061691337261533974,1400.6272741552689,1.6995645937387416,FALSE
"3 Mineral fuels, lubricants and related materials",2019-07-01,1308.424,6.176911379844319,0.9036633526952499,0.09600390597079755,1188.6514789136481,1.6995645937387416,FALSE
"3 Mineral fuels, lubricants and related materials",2019-08-01,669.234,5.997180058233936,1.1734275960362905,-0.6644738795145342,1300.6346989558908,1.6995645937387416,FALSE
"3 Mineral fuels, lubricants and related materials",2019-09-01,1164.483,5.817448736623553,0.6567989479991212,0.5857848060550159,648.2313696948953,1.6995645937387416,FALSE
"3 Mineral fuels, lubricants and related materials",2019-10-01,179.042,5.570591329124306,0.5406455944516465,-0.9236165083866146,450.8960943882603,1.6995645937387416,FALSE
"3 Mineral fuels, lubricants and related materials",2019-11-01,157.515,5.323733921625059,-0.13565390095242674,-0.12855932884656518,179.12430759800273,1.6995645937387416,FALSE
"3 Mineral fuels, lubricants and related materials",2019-12-01,355.066,5.169205869515905,0.02898412548095507,0.6741136926913693,180.9444349659941,1.6995645937387416,FALSE
"3 Mineral fuels, lubricants and related materials",2020-01-01,452.136,5.014677817406752,-1.573318138391051,2.6726233405154822,31.22939126205075,1.6995645937387416,FALSE
"3 Mineral fuels, lubricants and related materials",2020-02-01,0.207,4.932024719040204,-1.5269541982168542,-4.980107006540117,30.116419483730567,1.6995645937387416,TRUE
"3 Mineral fuels, lubricants and related materials",2020-03-01,156.451,4.849371620673655,-0.4502931774408661,0.6536644186801466,81.37584164189498,1.6995645937387416,FALSE
"3 Mineral fuels, lubricants and related materials",2020-04-01,35.703,4.775898923791619,-1.36791601175985,0.1672518068366431,30.20425812722316,1.6995645937387416,FALSE
"3 Mineral fuels, lubricants and related materials",2020-05-01,157.668,4.702426226909583,0.756479035412753,-0.39841370587465086,234.84019518179332,1.6995645937387416,FALSE
"3 Mineral fuels, lubricants and related materials",2020-06-01,447.315,4.593298195913198,0.9941363367747705,0.5158285117291399,267.04963304743194,1.6995645937387416,FALSE
"3 Mineral fuels, lubricants and related materials",2020-07-01,277.989,4.484170164916814,0.9036633526952499,0.23974802695040154,218.72899934001478,1.6995645937387416,FALSE
"3 Mineral fuels, lubricants and related materials",2020-08-01,411.403,4.476395659156273,1.1734275960362905,0.369750014172773,284.2412232237281,1.6995645937387416,FALSE
"3 Mineral fuels, lubricants and related materials",2020-09-01,362.183,4.468621153395732,0.6567989479991212,0.76672950755815,168.244806685532,1.6995645937387416,FALSE
"3 Mineral fuels, lubricants and related materials",2020-10-01,186.997,4.546447402660672,0.5406455944516465,0.14399957683283304,161.91847974239704,1.6995645937387416,FALSE
"3 Mineral fuels, lubricants and related materials",2020-11-01,53.933,4.624273651925612,-0.13565390095242674,-0.5008772155057182,88.99852094274308,1.6995645937387416,FALSE
"3 Mineral fuels, lubricants and related materials",2020-12-01,53.502,4.713171924680123,0.02898412548095507,-0.7624370137802803,114.6811937270656,1.6995645937387416,FALSE
"3 Mineral fuels, lubricants and related materials",2021-01-01,0.135,4.802070197434634,-1.573318138391051,-5.231232559587291,25.248129128199444,1.6995645937387416,TRUE
"3 Mineral fuels, lubricants and related materials",2021-02-01,161.779,4.890701993802505,-1.5269541982168542,1.7224834107512779,28.897289320636155,1.6995645937387416,FALSE
"3 Mineral fuels, lubricants and related materials",2021-03-01,862.885,4.979333790170376,-0.4502931774408661,2.231240813391107,92.66961237433212,1.6995645937387416,FALSE
"3 Mineral fuels, lubricants and related materials",2021-04-01,98.054,5.1358044136211145,-1.36791601175985,0.8176299454614702,43.288560216178716,1.6995645937387416,FALSE
"3 Mineral fuels, lubricants and related materials",2021-05-01,343.516,5.292275037071854,0.756479035412753,-0.20952038257656458,423.58494499715437,1.6995645937387416,FALSE
"3 Mineral fuels, lubricants and related materials",2021-06-01,1177.864,5.452286810505398,0.9941363367747705,0.6250347603513982,630.4432524312195,1.6995645937387416,FALSE
"3 Mineral fuels, lubricants and related materials",2021-07-01,634.221,5.612298583938942,0.9036633526952499,-0.06356446249537218,675.8437678160726,1.6995645937387416,FALSE
"3 Mineral fuels, lubricants and related materials",2021-08-01,866.238,5.579837568258187,1.1734275960362905,0.010894533299831366,856.8519623495087,1.6995645937387416,FALSE
"3 Mineral fuels, lubricants and related materials",2021-09-01,223.053,5.547376552577432,0.6567989479991212,-0.7967660891936026,494.81081647503123,1.6995645937387416,FALSE
"3 Mineral fuels, lubricants and related materials",2021-10-01,1435.686,5.380303856185352,0.5406455944516465,1.348448612108296,372.7654683247663,1.6995645937387416,FALSE
"3 Mineral fuels, lubricants and related materials",2021-11-01,448.018,5.213231159793271,-0.13565390095242674,1.0272561513384328,160.3850134708681,1.6995645937387416,FALSE
"3 Mineral fuels, lubricants and related materials",2021-12-01,251.213,5.121697212351024,0.02898412548095507,0.3756198470153542,172.54901444690321,1.6995645937387416,FALSE
"3 Mineral fuels, lubricants and related materials",2022-01-01,354.28,5.0301632649087775,-1.573318138391051,2.4132424344236556,31.71675615358155,1.6995645937387416,FALSE
"3 Mineral fuels, lubricants and related materials",2022-02-01,0.294,5.016107038959394,-1.5269541982168542,-4.713328352385995,32.758184548686316,1.6995645937387416,TRUE
"3 Mineral fuels, lubricants and related materials",2022-03-01,293.508,5.002050813010009,-0.4502931774408661,1.1301472605677407,94.79888386058481,1.6995645937387416,FALSE
"3 Mineral fuels, lubricants and related materials",2022-04-01,0.78,5.0361789768835,-1.36791601175985,-3.91672432442215,39.18378311378407,1.6995645937387416,TRUE
"3 Mineral fuels, lubricants and related materials",2022-05-01,983.3,5.0703071407569915,0.756479035412753,1.0641280856163657,339.26658208177116,1.6995645937387416,FALSE
"3 Mineral fuels, lubricants and related materials",2022-06-01,398.624,5.217226735130456,0.9941363367747705,-0.2233444552015449,498.38011644553615,1.6995645937387416,FALSE
"3 Mineral fuels, lubricants and related materials",2022-07-01,410.582,5.36414632950392,0.9036633526952499,-0.25023401686069846,527.321111227564,1.6995645937387416,FALSE
"3 Mineral fuels, lubricants and related materials",2022-08-01,2524.987,5.527083209534133,1.1734275960362905,1.1334803876109314,812.820912593943,1.6995645937387416,FALSE
"3 Mineral fuels, lubricants and related materials",2022-09-01,1101.983,5.690020089564347,0.6567989479991212,0.6580475255331244,570.6745245324901,1.6995645937387416,FALSE
"3 Mineral fuels, lubricants and related materials",2022-10-01,348.302,5.791822557287648,0.5406455944516465,-0.4793982322075401,562.5433241024937,1.6995645937387416,FALSE
"3 Mineral fuels, lubricants and related materials",2022-11-01,700.938,5.893625025010949,-0.13565390095242674,0.7944483139861118,316.70512124316747,1.6995645937387416,FALSE
"3 Mineral fuels, lubricants and related materials",2022-12-01,1061.468,5.949864943133145,0.02898412548095507,0.9885590660550276,394.9855052325799,1.6995645937387416,FALSE
"3 Mineral fuels, lubricants and related materials",2023-01-01,584.859,6.00610486125534,-1.573318138391051,1.9385840696751941,84.16563671006469,1.6995645937387416,FALSE
"3 Mineral fuels, lubricants and related materials",2023-02-01,585.984,6.033365096638692,-1.5269541982168542,1.8668815870281552,90.59607577977374,1.6995645937387416,FALSE
"3 Mineral fuels, lubricants and related materials",2023-03-01,0.145,6.060625332022043,-0.4502931774408661,-7.5413536911427395,273.234979183947,1.6995645937387416,TRUE
"3 Mineral fuels, lubricants and related materials",2023-04-01,309.759,6.053194114391788,-1.36791601175985,1.0505164731452785,108.3403978687833,1.6995645937387416,FALSE
"3 Mineral fuels, lubricants and related materials",2023-05-01,2130.064,6.045762896761533,0.756479035412753,0.8616653730261401,899.862462475255,1.6995645937387416,FALSE
"3 Mineral fuels, lubricants and related materials",2023-06-01,1865.756,6.084129614982851,0.9941363367747705,0.4531556601136373,1185.9103088207582,1.6995645937387416,FALSE
"3 Mineral fuels, lubricants and related materials",2023-07-01,2396.18,6.122496333204169,0.9036633526952499,0.7554713957228447,1125.6992598960135,1.6995645937387416,FALSE
"3 Mineral fuels, lubricants and related materials",2023-08-01,1406.592,6.276327062506892,1.1734275960362905,-0.20082962215877842,1719.4412434034487,1.6995645937387416,FALSE
"3 Mineral fuels, lubricants and related materials",2023-09-01,641.47,6.4301577918096156,0.6567989479991212,-0.623194322240189,1196.2617197683908,1.6995645937387416,FALSE
"3 Mineral fuels, lubricants and related materials",2023-10-01,1075.431,6.582503534847003,0.5406455944516465,-0.14267233885537767,1240.350313141733,1.6995645937387416,FALSE
"3 Mineral fuels, lubricants and related materials",2023-11-01,493.89,6.734849277884391,-0.13565390095242674,-0.3968825566039236,734.5039525887294,1.6995645937387416,FALSE
"3 Mineral fuels, lubricants and related materials",2023-12-01,1132.775,6.74052167112341,0.02898412548095507,0.2629198568825224,870.8813950798792,1.6995645937387416,FALSE
"3 Mineral fuels, lubricants and related materials",2024-01-01,274.135,6.746194064362429,-1.573318138391051,0.44074475980946826,176.42148372327154,1.6995645937387416,FALSE
"3 Mineral fuels, lubricants and related materials",2024-02-01,347.021,6.740341669433032,-1.5269541982168542,0.6359978256314855,183.71533573149617,1.6995645937387416,FALSE
"3 Mineral fuels, lubricants and related materials",2024-03-01,984.464,6.734489274503634,-0.4502931774408661,0.6079012335626608,536.0331987197811,1.6995645937387416,FALSE
"3 Mineral fuels, lubricants and related materials",2024-04-01,1741.01,6.703898662343933,-1.36791601175985,2.1262380329929975,207.67672222662307,1.6995645937387416,FALSE
"3 Mineral fuels, lubricants and related materials",2024-05-01,657.018,6.673308050184233,0.756479035412753,-0.9420756702273998,1685.448678861844,1.6995645937387416,FALSE
"3 Mineral fuels, lubricants and related materials",2024-06-01,332.556,6.649446668719753,0.9941363367747705,-1.8367747385272164,2087.208915852851,1.6995645937387416,FALSE
"3 Mineral fuels, lubricants and related materials",2024-07-01,1276.956,6.625585287255273,0.9036633526952499,-0.3770142402672745,1861.7061662820743,1.6995645937387416,FALSE
"3 Mineral fuels, lubricants and related materials",2024-08-01,3377.279,6.646022310607538,1.1734275960362905,0.30537572803710944,2488.5361042789864,1.6995645937387416,FALSE
"3 Mineral fuels, lubricants and related materials",2024-09-01,1341.91,6.666459333959804,0.6567989479991212,-0.12140903075965248,1515.132665291684,1.6995645937387416,FALSE
"3 Mineral fuels, lubricants and related materials",2024-10-01,804.694,6.710519684039924,0.5406455944516465,-0.5607031975621366,1409.7466388840892,1.6995645937387416,FALSE
"3 Mineral fuels, lubricants and related materials",2024-11-01,153.857,6.7545800341200435,-0.13565390095242674,-1.5829025335720788,749.1401882058251,1.6995645937387416,FALSE
"3 Mineral fuels, lubricants and related materials",2024-12-01,706.045,6.781170100580112,0.02898412548095507,-0.25047525122232184,907.0106808458469,1.6995645937387416,FALSE
"3 Mineral fuels, lubricants and related materials",2025-01-01,2409.978,6.80776016704018,-1.573318138391051,2.552930869163201,187.62438809874152,1.6995645937387416,FALSE
"3 Mineral fuels, lubricants and related materials",2025-02-01,852.415,6.777812992292575,-1.5269541982168542,1.4972147033660343,190.72999593504508,1.6995645937387416,FALSE
"3 Mineral fuels, lubricants and related materials",2025-03-01,514.984,6.74786581754497,-0.4502931774408661,-0.05343680788415206,543.2516411431089,1.6995645937387416,FALSE
"3 Mineral fuels, lubricants and related materials",2025-04-01,567.094,6.659204090651569,-1.36791601175985,1.0492369959276981,198.59907200010454,1.6995645937387416,FALSE
"3 Mineral fuels, lubricants and related materials",2025-05-01,764.779,6.570542363758166,0.756479035412753,-0.68743449596970585,1520.8450285079805,1.6995645937387416,FALSE
"3 Mineral fuels, lubricants and related materials",2025-06-01,1280.187,6.426252769908031,0.9941363367747705,-0.26562766668979254,1669.6830662020097,1.6995645937387416,FALSE
"3 Mineral fuels, lubricants and related materials",2025-07-01,753.132,6.2819631760578964,0.9036633526952499,-0.561386017511512,1320.3161952529558,1.6995645937387416,FALSE
"3 Mineral fuels, lubricants and related materials",2025-08-01,1027.53,6.133873141215743,1.1734275960362905,-0.37238759422757806,1491.1467551504418,1.6995645937387416,FALSE
"3 Mineral fuels, lubricants and related materials",2025-09-01,778.668,5.985783106373588,0.6567989479991212,0.015002713234600229,767.0730625348401,1.6995645937387416,FALSE
"3 Mineral fuels, lubricants and related materials",2025-10-01,461.847,5.880927006119768,0.5406455944516465,-0.28633893316935133,614.9694554089502,1.6995645937387416,FALSE
"3 Mineral fuels, lubricants and related materials",2025-11-01,202.188,5.776070905865948,-0.13565390095242674,-0.33121904726927287,281.5801142874715,1.6995645937387416,FALSE
"3 Mineral fuels, lubricants and related materials",2025-12-01,94.71,5.733565233839391,0.02898412548095507,-1.2117297680823356,318.15839597524035,1.6995645937387416,FALSE
"3 Mineral fuels, lubricants and related materials",2026-01-01,176.303,5.691059561812835,-1.573318138391051,1.0544626822864975,61.42036289555943,1.6995645937387416,FALSE
"3 Mineral fuels, lubricants and related materials",2026-02-01,253.329,5.664441710716842,-1.5269541982168542,1.3972015267028253,62.645228203776476,1.6995645937387416,FALSE
"3 Mineral fuels, lubricants and related materials",2026-03-01,1085.44,5.637823859620849,-0.4502931774408661,1.8022100315434457,179.02593474334185,1.6995645937387416,FALSE
"3 Mineral fuels, lubricants and related materials",2026-04-01,0.686,5.612950270648461,-1.36791601175985,-4.6219119101448625,69.75814993965552,1.6995645937387416,TRUE
"3 Mineral fuels, lubricants and related materials",2026-05-01,768.636,5.588076681676072,0.756479035412753,0.30006179835252844,569.3843657688808,1.6995645937387416,FALSE
"3 Mineral fuels, lubricants and related materials",2026-06-01,2011.916,5.563107438963101,0.9941363367747705,1.0495990051072415,704.3277316446462,1.6995645937387416,FALSE
"3 Mineral fuels, lubricants and related materials",2026-07-01,943.322,5.538138196250131,0.9036633526952499,0.4076061388173473,627.5363194580372,1.6995645937387416,FALSE
"4 Animal and vegetable oils, fats and waxes",2018-01-01,30.3,3.470293956503299,-0.12919274835195096,0.07004650436397508,28.250218954137384,0.22417286908784662,FALSE
"4 Animal and vegetable oils, fats and waxes",2018-02-01,24.334,3.508465585006999,-0.11357750569272848,-0.20301352994901345,29.81131678520216,0.22417286908784662,FALSE
"4 Animal and vegetable oils, fats and waxes",2018-03-01,52.374,3.546637213510699,0.16427203353887057,0.24750103793169798,40.89096962269586,0.22417286908784662,FALSE
"4 Animal and vegetable oils, fats and waxes",2018-04-01,26.215,3.582488088335562,-0.007964343299909958,-0.308191979011156,35.6776251227547,0.22417286908784662,FALSE
"4 Animal and vegetable oils, fats and waxes",2018-05-01,38.401,3.6183389631604252,-0.07100427839150451,0.10074881615234865,34.720652567725985,0.22417286908784662,FALSE
"4 Animal and vegetable oils, fats and waxes",2018-06-01,40.5,3.6510734941291627,0.19775044029033162,-0.14752196030700127,46.93782879341724,0.22417286908784662,FALSE
"4 Animal and vegetable oils, fats and waxes",2018-07-01,31.508,3.6838080250978997,-0.16393153243923503,-0.06963501081758672,33.78025609657574,0.22417286908784662,FALSE
"4 Animal and vegetable oils, fats and waxes",2018-08-01,40.604,3.7147135363979777,-0.29519773285332446,0.28435078037753136,30.5546170015184,0.22417286908784662,FALSE
"4 Animal and vegetable oils, fats and waxes",2018-09-01,49.63,3.7456190476980558,-0.018607670555575648,0.17758411245686956,41.55473097951421,0.22417286908784662,FALSE
"4 Animal and vegetable oils, fats and waxes",2018-10-01,59.879,3.7691289175346276,0.18353502428751978,0.13966191752303247,52.073904076238534,0.22417286908784662,FALSE
"4 Animal and vegetable oils, fats and waxes",2018-11-01,54.993,3.7926387873711995,0.13968535768161225,0.07488175935252528,51.02543046692678,0.22417286908784662,FALSE
"4 Animal and vegetable oils, fats and waxes",2018-12-01,52.741,3.800528195356301,0.11423293980215296,0.05063200652739308,50.13709409156579,0.22417286908784662,FALSE
"4 Animal and vegetable oils, fats and waxes",2019-01-01,30.854,3.8084176033414017,-0.12919274835195096,-0.24995845339970302,39.615674275707775,0.22417286908784662,FALSE
"4 Animal and vegetable oils, fats and waxes",2019-02-01,59.57,3.802872965627607,-0.11357750569272848,0.39785663170571794,40.016643694534565,0.22417286908784662,FALSE
"4 Animal and vegetable oils, fats and waxes",2019-03-01,35.895,3.797328327913812,0.16427203353887057,-0.38100235142423644,52.54134384302627,0.22417286908784662,FALSE
"4 Animal and vegetable oils, fats and waxes",2019-04-01,45.208,3.7906572216407826,-0.007964343299909958,0.028581183986669867,43.93419201611403,0.22417286908784662,FALSE
"4 Animal and vegetable oils, fats and waxes",2019-05-01,37.862,3.783986115367753,-0.07100427839150451,-0.0790338663885306,40.97580772135293,0.22417286908784662,FALSE
"4 Animal and vegetable oils, fats and waxes",2019-06-01,52.705,3.7856907252988696,0.19775044029033162,-0.018730837882048768,53.701512432092336,0.22417286908784662,FALSE
"4 Animal and vegetable oils, fats and waxes",2019-07-01,54.998,3.7873953352299856,-0.16393153243923503,0.3838330181441836,37.46712203927326,0.22417286908784662,FALSE
"4 Animal and vegetable oils, fats and waxes",2019-08-01,21.927,3.803719033728565,-0.29519773285332446,-0.42080254670887607,33.398844409803665,0.22417286908784662,FALSE
"4 Animal and vegetable oils, fats and waxes",2019-09-01,41.234,3.8200427322271437,-0.018607670555575648,-0.08217190292319154,44.76537950072123,0.22417286908784662,FALSE
"4 Animal and vegetable oils, fats and waxes",2019-10-01,76.098,3.843450725673299,0.18353502428751978,0.3050362333525287,56.09158212156465,0.22417286908784662,FALSE
"4 Animal and vegetable oils, fats and waxes",2019-11-01,37.514,3.8668587191194543,0.13968535768161225,-0.38182988016291697,54.95661615580262,0.22417286908784662,FALSE
"4 Animal and vegetable oils, fats and waxes",2019-12-01,66.916,3.882334319150285,0.11423293980215296,0.20687084251659638,54.41105003904703,0.22417286908784662,FALSE
"4 Animal and vegetable oils, fats and waxes",2020-01-01,33.446,3.8978099191811153,-0.12919274835195096,-0.2586849728702334,43.3201190736906,0.22417286908784662,FALSE
"4 Animal and vegetable oils, fats and waxes",2020-02-01,48.282,3.907056118822882,-0.11357750569272848,0.08358020726189697,44.41061924963635,0.22417286908784662,FALSE
"4 Animal and vegetable oils, fats and waxes",2020-03-01,76.789,3.916302318464649,0.16427203353887057,0.2604870487251634,59.179449926318,0.22417286908784662,FALSE
"4 Animal and vegetable oils, fats and waxes",2020-04-01,78.836,3.9224249968763725,-0.007964343299909958,0.45290909175378546,50.12203108140861,0.22417286908784662,TRUE
"4 Animal and vegetable oils, fats and waxes",2020-05-01,34.168,3.928547675288096,-0.07100427839150451,-0.32625386335742634,47.34889094646287,0.22417286908784662,FALSE
"4 Animal and vegetable oils, fats and waxes",2020-06-01,65.652,3.9305292938982817,0.19775044029033162,0.056088330681076215,62.07105232899306,0.22417286908784662,FALSE
"4 Animal and vegetable oils, fats and waxes",2020-07-01,37.251,3.9325109125084676,-0.16393153243923503,-0.15090058996641798,43.3184820044037,0.22417286908784662,FALSE
"4 Animal and vegetable oils, fats and waxes",2020-08-01,41.129,3.9313287320859702,-0.29519773285332446,0.08058246956070114,37.94474411407932,0.22417286908784662,FALSE
"4 Animal and vegetable oils, fats and waxes",2020-09-01,41.069,3.930146551663473,-0.018607670555575648,-0.19628530210886064,49.97579964245104,0.22417286908784662,FALSE
"4 Animal and vegetable oils, fats and waxes",2020-10-01,63.379,3.9314143407401634,0.18353502428751978,0.03418321126271895,61.249112837099375,0.22417286908784662,FALSE
"4 Animal and vegetable oils, fats and waxes",2020-11-01,51.845,3.932682129816854,0.13968535768161225,-0.1241089894882248,58.69575970416111,0.22417286908784662,FALSE
"4 Animal and vegetable oils, fats and waxes",2020-12-01,65.843,3.9405762465391128,0.11423293980215296,0.1324639339955711,57.67415692924443,0.22417286908784662,FALSE
"4 Animal and vegetable oils, fats and waxes",2021-01-01,41.256,3.948470363261372,-0.12919274835195096,-0.09948105816076325,45.57127641688042,0.22417286908784662,FALSE
"4 Animal and vegetable oils, fats and waxes",2021-02-01,51.817,3.9560192126699194,-0.11357750569272848,0.10527657377540667,46.639214819175564,0.22417286908784662,FALSE
"4 Animal and vegetable oils, fats and waxes",2021-03-01,62.6,3.9635680620784663,0.16427203353887057,0.008925182488715322,62.043769497961414,0.22417286908784662,FALSE
"4 Animal and vegetable oils, fats and waxes",2021-04-01,68.689,3.9705648387548718,-0.007964343299909958,0.266988574505008,52.59391851400477,0.22417286908784662,FALSE
"4 Animal and vegetable oils, fats and waxes",2021-05-01,43.745,3.977561615431277,-0.07100427839150451,-0.12818001648154498,49.727462060055046,0.22417286908784662,FALSE
"4 Animal and vegetable oils, fats and waxes",2021-06-01,60.289,3.9789922341794917,0.19775044029033162,-0.07759300860465679,65.1532817467194,0.22417286908784662,FALSE
"4 Animal and vegetable oils, fats and waxes",2021-07-01,37.658,3.980422852927706,-0.16393153243923503,-0.18794590541423428,45.44447815432277,0.22417286908784662,FALSE
"4 Animal and vegetable oils, fats and waxes",2021-08-01,52.942,3.970303232321679,-0.29519773285332446,0.2940914752343091,39.452818889068475,0.22417286908784662,FALSE
"4 Animal and vegetable oils, fats and waxes",2021-09-01,50.161,3.960183611715652,-0.018607670555575648,-0.02633810882998766,51.49969787564108,0.22417286908784662,FALSE
"4 Animal and vegetable oils, fats and waxes",2021-10-01,45.688,3.962875198856276,0.18353502428751978,-0.32457454178123335,63.206694624377874,0.22417286908784662,FALSE
"4 Animal and vegetable oils, fats and waxes",2021-11-01,93.796,3.9655667859968995,0.13968535768161225,0.4358700675011482,60.65803716017807,0.22417286908784662,FALSE
"4 Animal and vegetable oils, fats and waxes",2021-12-01,52.968,3.9923858414129603,0.11423293980215296,-0.13693082359256792,60.74099138192323,0.22417286908784662,FALSE
"4 Animal and vegetable oils, fats and waxes",2022-01-01,56.946,4.019204896829021,-0.12919274835195096,0.15209130189933973,48.91148072012459,0.22417286908784662,FALSE
"4 Animal and vegetable oils, fats and waxes",2022-02-01,27.413,4.058602142109187,-0.11357750569272848,-0.6340072829847152,51.67761124757651,0.22417286908784662,TRUE
"4 Animal and vegetable oils, fats and waxes",2022-03-01,53.546,4.097999387389352,0.16427203353887057,-0.28173032336967596,70.97100553785621,0.22417286908784662,FALSE
"4 Animal and vegetable oils, fats and waxes",2022-04-01,57.812,4.13265475154365,-0.007964343299909958,-0.06749404165714523,61.84865845126385,0.22417286908784662,FALSE
"4 Animal and vegetable oils, fats and waxes",2022-05-01,83.818,4.167310115697948,-0.07100427839150451,0.3323419442520308,60.11779197853864,0.22417286908784662,FALSE
"4 Animal and vegetable oils, fats and waxes",2022-06-01,112.005,4.19153161903966,0.19775044029033162,0.329261453825783,80.58254472167233,0.22417286908784662,FALSE
"4 Animal and vegetable oils, fats and waxes",2022-07-01,51.222,4.215753122381373,-0.16393153243923503,-0.11565246268591345,57.502106961584474,0.22417286908784662,FALSE
"4 Animal and vegetable oils, fats and waxes",2022-08-01,60.537,4.231794332276651,-0.29519773285332446,0.16665814892852993,51.24390065997111,0.22417286908784662,FALSE
"4 Animal and vegetable oils, fats and waxes",2022-09-01,119.471,4.247835542171929,-0.018607670555575648,0.5538457924799163,68.66419412716505,0.22417286908784662,TRUE
"4 Animal and vegetable oils, fats and waxes",2022-10-01,82.597,4.237099270673822,0.18353502428751978,-0.0066609347065726965,83.14900963305593,0.22417286908784662,FALSE
"4 Animal and vegetable oils, fats and waxes",2022-11-01,66.582,4.226362999175714,0.13968535768161225,-0.16761408611084416,78.73189581453181,0.22417286908784662,FALSE
"4 Animal and vegetable oils, fats and waxes",2022-12-01,62.221,4.203510071562137,0.11423293980215296,-0.18705044802138104,75.01911977378936,0.22417286908784662,FALSE
"4 Animal and vegetable oils, fats and waxes",2023-01-01,54.678,4.180657143948562,-0.12919274835195096,-0.05000296085456579,57.48157120196883,0.22417286908784662,FALSE
"4 Animal and vegetable oils, fats and waxes",2023-02-01,56.225,4.168163243457205,-0.11357750569272848,-0.025224239919096725,57.661271160668015,0.22417286908784662,FALSE
"4 Animal and vegetable oils, fats and waxes",2023-03-01,80.02,4.155669342965849,0.16427203353887057,0.0623352269243691,75.18422060102569,0.22417286908784662,FALSE
"4 Animal and vegetable oils, fats and waxes",2023-04-01,53.369,4.162657761391879,-0.007964343299909958,-0.17746336503988847,63.73242234467716,0.22417286908784662,FALSE
"4 Animal and vegetable oils, fats and waxes",2023-05-01,40.671,4.169646179817909,-0.07100427839150451,-0.39312659366104263,60.258395160433615,0.22417286908784662,FALSE
"4 Animal and vegetable oils, fats and waxes",2023-06-01,77.365,4.20263337823992,0.19775044029033162,-0.05184933658861546,81.48213701796958,0.22417286908784662,FALSE
"4 Animal and vegetable oils, fats and waxes",2023-07-01,81.176,4.235620576661931,-0.16393153243923503,0.324930592754086,58.65595146601626,0.22417286908784662,FALSE
"4 Animal and vegetable oils, fats and waxes",2023-08-01,61.136,4.281158319249984,-0.29519773285332446,0.12714030430788448,53.83697971779859,0.22417286908784662,FALSE
"4 Animal and vegetable oils, fats and waxes",2023-09-01,52.034,4.326696061838038,-0.018607670555575648,-0.35619104021145453,74.29832377812325,0.22417286908784662,FALSE
"4 Animal and vegetable oils, fats and waxes",2023-10-01,82.978,4.372503447680256,0.18353502428751978,-0.13746295954681553,95.20557223529771,0.22417286908784662,FALSE
"4 Animal and vegetable oils, fats and waxes",2023-11-01,119.479,4.418310833522474,0.13968535768161225,0.2251444325071903,95.39214058009772,0.22417286908784662,FALSE
"4 Animal and vegetable oils, fats and waxes",2023-12-01,102.331,4.447818958464633,0.11423293980215296,0.06616075908941621,95.77980876127636,0.22417286908784662,FALSE
"4 Animal and vegetable oils, fats and waxes",2024-01-01,79.381,4.4773270834067915,-0.12919274835195096,0.026124709852374473,77.33404882902343,0.22417286908784662,FALSE
"4 Animal and vegetable oils, fats and waxes",2024-02-01,107.702,4.484767230655956,-0.11357750569272848,0.3081784291288292,79.13772784454889,0.22417286908784662,FALSE
"4 Animal and vegetable oils, fats and waxes",2024-03-01,111.4,4.492207377905121,0.16427203353887057,0.05664791604919195,105.26483486265789,0.22417286908784662,FALSE
"4 Animal and vegetable oils, fats and waxes",2024-04-01,85.081,4.496661776813675,-0.007964343299909958,-0.04509368960717275,89.00543484249901,0.22417286908784662,FALSE
"4 Animal and vegetable oils, fats and waxes",2024-05-01,103.937,4.501116175722229,-0.07100427839150451,0.21367304902756779,83.94080913725779,0.22417286908784662,FALSE
"4 Animal and vegetable oils, fats and waxes",2024-06-01,101.32,4.507672720954185,0.19775044029033162,-0.08713933611104174,110.54505343385476,0.22417286908784662,FALSE
"4 Animal and vegetable oils, fats and waxes",2024-07-01,79.265,4.51422926618614,-0.16393153243923503,0.022498935548285637,77.50153431272695,0.22417286908784662,FALSE
"4 Animal and vegetable oils, fats and waxes",2024-08-01,40.512,4.525907492098849,-0.29519773285332446,-0.5291115327238134,68.76602217723848,0.22417286908784662,TRUE
"4 Animal and vegetable oils, fats and waxes",2024-09-01,77.397,4.537585718011558,-0.018607670555575648,-0.17003002730139904,91.74179429479196,0.22417286908784662,FALSE
"4 Animal and vegetable oils, fats and waxes",2024-10-01,118.9,4.5582883959741265,0.18353502428751978,0.03645938343509059,114.6430536767417,0.22417286908784662,FALSE
"4 Animal and vegetable oils, fats and waxes",2024-11-01,114.088,4.578991073936695,0.13968535768161225,0.018293648816158026,112.0198885218538,0.22417286908784662,FALSE
"4 Animal and vegetable oils, fats and waxes",2024-12-01,114.01,4.6061698651700835,0.11423293980215296,0.015883358873391984,112.21344369868581,0.22417286908784662,FALSE
"4 Animal and vegetable oils, fats and waxes",2025-01-01,148.024,4.633348656403472,-0.12919274835195096,0.4932185147278938,90.39201266794939,0.22417286908784662,TRUE
"4 Animal and vegetable oils, fats and waxes",2025-02-01,77.089,4.66202038955269,-0.11357750569272848,-0.20348228532400814,94.48516932841707,0.22417286908784662,FALSE
"4 Animal and vegetable oils, fats and waxes",2025-03-01,125.862,4.690692122701908,0.16427203353887057,-0.01977808759607047,128.37608965060465,0.22417286908784662,FALSE
"4 Animal and vegetable oils, fats and waxes",2025-04-01,120.015,4.703769582266043,-0.007964343299909958,0.09181149600406346,109.486936302531,0.22417286908784662,FALSE
"4 Animal and vegetable oils, fats and waxes",2025-05-01,129.332,4.716847041830179,-0.07100427839150451,0.21653997818499793,104.15110355130228,0.22417286908784662,FALSE
"4 Animal and vegetable oils, fats and waxes",2025-06-01,121.772,4.717194661059704,0.19775044029033162,-0.11279465755932971,136.31182626189232,0.22417286908784662,FALSE
"4 Animal and vegetable oils, fats and waxes",2025-07-01,81.833,4.71754228028923,-0.16393153243923503,-0.1489301626115811,94.97471970794327,0.22417286908784662,FALSE
"4 Animal and vegetable oils, fats and waxes",2025-08-01,83.776,4.719853370826717,-0.29519773285332446,0.0034909323140421833,83.48405353362193,0.22417286908784662,FALSE
"4 Animal and vegetable oils, fats and waxes",2025-09-01,122.505,4.722164461364205,-0.018607670555575648,0.10459505466971919,110.33892782749494,0.22417286908784662,FALSE
"4 Animal and vegetable oils, fats and waxes",2025-10-01,131.425,4.730735504253078,0.18353502428751978,-0.03583418183508513,136.21990501756292,0.22417286908784662,FALSE
"4 Animal and vegetable oils, fats and waxes",2025-11-01,123.342,4.739306547141951,0.13968535768161225,-0.06403092005197308,131.4980345112443,0.22417286908784662,FALSE
"4 Animal and vegetable oils, fats and waxes",2025-12-01,113.607,4.750466180788978,0.11423293980215296,-0.13195399648418693,129.63192916531588,0.22417286908784662,FALSE
"4 Animal and vegetable oils, fats and waxes",2026-01-01,97.453,4.7616258144360035,-0.12919274835195096,-0.053062855586373914,102.76379128117897,0.22417286908784662,FALSE
"4 Animal and vegetable oils, fats and waxes",2026-02-01,128.492,4.773298555438983,-0.11357750569272848,0.19614559584164581,105.6066190542982,0.22417286908784662,FALSE
"4 Animal and vegetable oils, fats and waxes",2026-03-01,150.835,4.784971296441963,0.16427203353887057,0.06694319415374661,141.06818146345773,0.22417286908784662,FALSE
"4 Animal and vegetable oils, fats and waxes",2026-04-01,95.82,4.797461006157572,-0.007964343299909958,-0.2270252314026866,120.24083175260914,0.22417286908784662,FALSE
"4 Animal and vegetable oils, fats and waxes",2026-05-01,122.972,4.809950715873183,-0.07100427839150451,0.07301024969988124,114.31370158279357,0.22417286908784662,FALSE
"4 Animal and vegetable oils, fats and waxes",2026-06-01,169.879,4.823092703236108,0.19775044029033162,0.11424327539318124,151.53901908827234,0.22417286908784662,FALSE
"4 Animal and vegetable oils, fats and waxes",2026-07-01,100.717,4.836234690599034,-0.16393153243923503,-0.059988554411388506,106.94376741703762,0.22417286908784662,FALSE
5 Chemicals and related products n.e.s.,2018-01-01,310.574,5.742745404279318,-0.12477406486929583,0.120450858850357,275.3302646385039,0.1361078518756625,FALSE
5 Chemicals and related products n.e.s.,2018-02-01,346.158,5.742948474485243,0.021774767765303613,0.08217207597432807,318.85078739762474,0.1361078518756625,FALSE
5 Chemicals and related products n.e.s.,2018-03-01,306.965,5.743151544691169,0.07623761630439116,-0.0926554264222581,336.7662808097384,0.1361078518756625,FALSE
5 Chemicals and related products n.e.s.,2018-04-01,327.383,5.7445187638431205,0.12899026957177429,-0.0823782940776514,355.4942353197433,0.1361078518756625,FALSE
5 Chemicals and related products n.e.s.,2018-05-01,312.524,5.745885982995072,0.01867206845765463,-0.0198767852252395,318.7981205318295,0.1361078518756625,FALSE
5 Chemicals and related products n.e.s.,2018-06-01,342.407,5.747987108040899,0.09395277383461904,-0.005939793891672096,344.4468792407555,0.1361078518756625,FALSE
5 Chemicals and related products n.e.s.,2018-07-01,264.853,5.750088233086726,-0.14194813385239902,-0.028965144141622545,272.63668896908337,0.1361078518756625,FALSE
5 Chemicals and related products n.e.s.,2018-08-01,280.132,5.753371552653546,-0.13793176809630744,0.019821136095902858,274.6341324910773,0.1361078518756625,FALSE
5 Chemicals and related products n.e.s.,2018-09-01,324.192,5.756654872220366,0.019929044619146147,0.004752016031754458,322.65508902359824,0.1361078518756625,FALSE
5 Chemicals and related products n.e.s.,2018-10-01,285.829,5.76333107445268,0.0602223005220049,-0.1681596450674725,338.17157159903485,0.1361078518756625,FALSE
5 Chemicals and related products n.e.s.,2018-11-01,297.978,5.770007276684992,5.609007642802912e-4,-0.0735485191724603,320.71990670738296,0.1361078518756625,FALSE
5 Chemicals and related products n.e.s.,2018-12-01,339.218,5.768486962832429,-0.015685736089659355,0.07384174180476144,315.07201342428397,0.1361078518756625,FALSE
5 Chemicals and related products n.e.s.,2019-01-01,376.457,5.766966648979866,-0.12477406486929583,0.28861124677958205,282.08052620973257,0.1361078518756625,TRUE
5 Chemicals and related products n.e.s.,2019-02-01,296.469,5.763691653708712,0.021774767765303613,-0.09352376162202347,325.5338406821701,0.1361078518756625,FALSE
5 Chemicals and related products n.e.s.,2019-03-01,448,5.760416658437556,0.07623761630439116,0.2681389576730373,342.6310714095645,0.1361078518756625,FALSE
5 Chemicals and related products n.e.s.,2019-04-01,306.598,5.755120812999515,0.12899026957177429,-0.1585736393120598,359.28325286104564,0.1361078518756625,FALSE
5 Chemicals and related products n.e.s.,2019-05-01,347.588,5.749824967561473,0.01867206845765463,0.08252083433661106,320.05633783083033,0.1361078518756625,FALSE
5 Chemicals and related products n.e.s.,2019-06-01,281.736,5.742827132337263,0.09395277383461904,-0.19580944392755129,342.674119345036,0.1361078518756625,FALSE
5 Chemicals and related products n.e.s.,2019-07-01,232.581,5.735829297113052,-0.14194813385239902,-0.14464261180916171,268.77676448393004,0.1361078518756625,FALSE
5 Chemicals and related products n.e.s.,2019-08-01,301.413,5.7396863647568175,-0.13793176809630744,0.10672682065215611,270.9013132097498,0.1361078518756625,FALSE
5 Chemicals and related products n.e.s.,2019-09-01,323.847,5.743543432400582,0.019929044619146147,0.016798705018352678,318.45222922224184,0.1361078518756625,FALSE
5 Chemicals and related products n.e.s.,2019-10-01,271.687,5.763968867193387,0.0602223005220049,-0.21954049931774033,338.3873237677841,0.1361078518756625,FALSE
5 Chemicals and related products n.e.s.,2019-11-01,319.75,5.784394301986191,5.609007642802912e-4,-0.01741576229151942,325.3674642186714,0.1361078518756625,FALSE
5 Chemicals and related products n.e.s.,2019-12-01,307.738,5.8077357635412135,-0.015685736089659355,-0.06280125583609752,327.6840976772807,0.1361078518756625,FALSE
5 Chemicals and related products n.e.s.,2020-01-01,287.298,5.831077225096235,-0.12477406486929583,-0.04578315563035229,300.75715955089174,0.1361078518756625,FALSE
5 Chemicals and related products n.e.s.,2020-02-01,418.293,5.846653213156509,0.021774767765303613,0.16775416298517065,353.6925316009096,0.1361078518756625,FALSE
5 Chemicals and related products n.e.s.,2020-03-01,364.494,5.862229201216783,0.07623761630439116,-0.03995672711329323,379.35286627969367,0.1361078518756625,FALSE
5 Chemicals and related products n.e.s.,2020-04-01,624.414,5.871839394191545,0.12899026957177429,0.43598394615126246,403.7636426306661,0.1361078518756625,TRUE
5 Chemicals and related products n.e.s.,2020-05-01,325.522,5.881449587166307,0.01867206845765463,-0.11469160793367195,365.0818794276544,0.1361078518756625,FALSE
5 Chemicals and related products n.e.s.,2020-06-01,406.288,5.877258377693847,0.09395277383461904,0.03585111620257031,391.98013070487184,0.1361078518756625,FALSE
5 Chemicals and related products n.e.s.,2020-07-01,332.192,5.873067168221388,-0.14194813385239902,0.07459408064184547,308.3140894706617,0.1361078518756625,FALSE
5 Chemicals and related products n.e.s.,2020-08-01,267.418,5.855183133119702,-0.13793176809630744,-0.12843838773702831,304.0680013440504,0.1361078518756625,FALSE
5 Chemicals and related products n.e.s.,2020-09-01,316.22,5.837299098018016,0.019929044619146147,-0.100789968755163,349.75333281565634,0.1361078518756625,FALSE
5 Chemicals and related products n.e.s.,2020-10-01,452.531,5.821047953806346,0.0602223005220049,0.23358601475233698,358.26403923997043,0.1361078518756625,FALSE
5 Chemicals and related products n.e.s.,2020-11-01,305.101,5.804796809594676,5.609007642802912e-4,-0.08471484102780646,332.0739583953934,0.1361078518756625,FALSE
5 Chemicals and related products n.e.s.,2020-12-01,326.892,5.802909492860826,-0.015685736089659355,0.0024060843438533652,326.10641574665016,0.1361078518756625,FALSE
5 Chemicals and related products n.e.s.,2021-01-01,251.522,5.801022176126975,-0.12477406486929583,-0.14871765039450757,291.8523755542274,0.1361078518756625,FALSE
5 Chemicals and related products n.e.s.,2021-02-01,275.996,5.809251005511077,0.021774767765303613,-0.21063940041787443,340.7079890349083,0.1361078518756625,FALSE
5 Chemicals and related products n.e.s.,2021-03-01,365.992,5.817479834895178,0.07623761630439116,0.008894024039411086,362.7512911874431,0.1361078518756625,FALSE
5 Chemicals and related products n.e.s.,2021-04-01,425.415,5.834877701336856,0.12899026957177429,0.08919719216674338,389.11229222040174,0.1361078518756625,FALSE
5 Chemicals and related products n.e.s.,2021-05-01,292.262,5.852275567778533,0.01867206845765463,-0.19329697599130746,354.5848385487044,0.1361078518756625,FALSE
5 Chemicals and related products n.e.s.,2021-06-01,459.22,5.883506204534436,0.09395277383461904,0.15207041969482127,394.4368211833487,0.1361078518756625,FALSE
5 Chemicals and related products n.e.s.,2021-07-01,325.08,5.91473684129034,-0.14194813385239902,0.01128259844706303,321.43286615915935,0.1361078518756625,FALSE
5 Chemicals and related products n.e.s.,2021-08-01,320.607,5.9575483299447,-0.13793176809630744,-0.049400487850164154,336.8428704571453,0.1361078518756625,FALSE
5 Chemicals and related products n.e.s.,2021-09-01,374.942,6.000359818599059,0.019929044619146147,-0.09351751587658352,411.69750281748736,0.1361078518756625,FALSE
5 Chemicals and related products n.e.s.,2021-10-01,459.105,6.040700973479482,0.0602223005220049,0.028355668067832518,446.2696090608504,0.1361078518756625,FALSE
5 Chemicals and related products n.e.s.,2021-11-01,438.914,6.081042128359905,5.609007642802912e-4,0.0027004649879094345,437.7303270632868,0.1361078518756625,FALSE
5 Chemicals and related products n.e.s.,2021-12-01,367.985,6.118638238100625,-0.015685736089659355,-0.194910325542347,447.1761112901295,0.1361078518756625,FALSE
5 Chemicals and related products n.e.s.,2022-01-01,469.302,6.1562343478413455,-0.12477406486929583,0.11978620148555308,416.32253441729176,0.1361078518756625,FALSE
5 Chemicals and related products n.e.s.,2022-02-01,624.422,6.192765941839376,0.021774767765303613,0.22228571224037275,499.9663067265315,0.1361078518756625,FALSE
5 Chemicals and related products n.e.s.,2022-03-01,584.032,6.229297535837406,0.07623761630439116,0.06442062370581247,547.5945561862404,0.1361078518756625,FALSE
5 Chemicals and related products n.e.s.,2022-04-01,528.023,6.263135674567987,0.12899026957177429,-0.12298610077617589,597.1246849746295,0.1361078518756625,FALSE
5 Chemicals and related products n.e.s.,2022-05-01,579.581,6.296973813298569,0.01867206845765463,0.04665954692455454,553.1592206864851,0.1361078518756625,FALSE
5 Chemicals and related products n.e.s.,2022-06-01,586.672,6.316012698254379,0.09395277383461904,-0.03549958185714175,607.8726921249101,0.1361078518756625,FALSE
5 Chemicals and related products n.e.s.,2022-07-01,483.656,6.335051583210189,-0.14194813385239902,-0.011729539140930001,489.3624636516759,0.1361078518756625,FALSE
5 Chemicals and related products n.e.s.,2022-08-01,573.612,6.328213481267424,-0.13793176809630744,0.16167149639755518,487.98355824815394,0.1361078518756625,FALSE
5 Chemicals and related products n.e.s.,2022-09-01,566.605,6.3213753793246585,0.019929044619146147,-0.0016420120187286003,567.5361364793056,0.1361078518756625,FALSE
5 Chemicals and related products n.e.s.,2022-10-01,617.289,6.302778703528851,0.0602223005220049,0.06233630565353199,579.9842825089959,0.1361078518756625,FALSE
5 Chemicals and related products n.e.s.,2022-11-01,716.544,6.284182027733044,5.609007642802912e-4,0.28969672651555456,536.3263986809781,0.1361078518756625,TRUE
5 Chemicals and related products n.e.s.,2022-12-01,621.109,6.262161305903065,-0.015685736089659355,0.18503102006708794,516.1903381318377,0.1361078518756625,FALSE
5 Chemicals and related products n.e.s.,2023-01-01,438.71,6.240140584073087,-0.12477406486929583,-0.03152791667094679,452.76196291787545,0.1361078518756625,FALSE
5 Chemicals and related products n.e.s.,2023-02-01,406.501,6.218724557129226,0.021774767765303613,-0.2329129358850901,513.1146579096708,0.1361078518756625,FALSE
5 Chemicals and related products n.e.s.,2023-03-01,425.041,6.1973085301853645,0.07623761630439116,-0.22136051163009185,530.3547628498615,0.1361078518756625,FALSE
5 Chemicals and related products n.e.s.,2023-04-01,449.341,6.18309882973832,0.12899026957177429,-0.2043070343369715,551.1952484618681,0.1361078518756625,FALSE
5 Chemicals and related products n.e.s.,2023-05-01,546.24,6.168889129291275,0.01867206845765463,0.11549724185714716,486.6577956486514,0.1361078518756625,FALSE
5 Chemicals and related products n.e.s.,2023-06-01,495.699,6.167161385516152,0.09395277383461904,-0.05514527167548078,523.8022142524562,0.1361078518756625,FALSE
5 Chemicals and related products n.e.s.,2023-07-01,381.382,6.1654336417410285,-0.14194813385239902,-0.07968401038241701,413.0156591619537,0.1361078518756625,FALSE
5 Chemicals and related products n.e.s.,2023-08-01,401.212,6.179904507285544,-0.13793176809630744,-0.04748277327956707,420.7221919182657,0.1361078518756625,FALSE
5 Chemicals and related products n.e.s.,2023-09-01,564.765,6.194375372830059,0.019929044619146147,0.1221052979711521,499.84818256670644,0.1361078518756625,FALSE
5 Chemicals and related products n.e.s.,2023-10-01,573.298,6.213629249084301,0.0602223005220049,0.0775541017270287,530.5167595832074,0.1361078518756625,FALSE
5 Chemicals and related products n.e.s.,2023-11-01,548.325,6.2328831253385415,5.609007642802912e-4,0.07342415074466757,509.5072214188775,0.1361078518756625,FALSE
5 Chemicals and related products n.e.s.,2023-12-01,478.776,6.246845333290603,-0.015685736089659355,-0.05992675008672421,508.34461684589553,0.1361078518756625,FALSE
5 Chemicals and related products n.e.s.,2024-01-01,402.327,6.260807541242665,-0.12477406486929583,-0.13876828557571663,462.2165371338288,0.1361078518756625,FALSE
5 Chemicals and related products n.e.s.,2024-02-01,601.06,6.271866109790013,0.021774767765303613,0.10505388560749651,541.1198981856305,0.1361078518756625,FALSE
5 Chemicals and related products n.e.s.,2024-03-01,550.959,6.282924678337361,0.07623761630439116,-0.0475018984207507,577.762159158213,0.1361078518756625,FALSE
5 Chemicals and related products n.e.s.,2024-04-01,592.24,6.292683672624501,0.12899026957177429,-0.03776198406143294,615.0317805708149,0.1361078518756625,FALSE
5 Chemicals and related products n.e.s.,2024-05-01,701.472,6.302442666911642,0.01867206845765463,0.2320662489076213,556.1926546318209,0.1361078518756625,FALSE
5 Chemicals and related products n.e.s.,2024-06-01,518.05,6.316855676598099,0.09395277383461904,-0.16073668773495697,608.3853316817748,0.1361078518756625,FALSE
5 Chemicals and related products n.e.s.,2024-07-01,451.002,6.331268686284556,-0.14194813385239902,-0.07784877834951143,487.5147529454252,0.1361078518756625,FALSE
5 Chemicals and related products n.e.s.,2024-08-01,519.659,6.342928194165886,-0.13793176809630744,0.048176401164436555,495.2171860652567,0.1361078518756625,FALSE
5 Chemicals and related products n.e.s.,2024-09-01,613.125,6.3545877020472155,0.019929044619146147,0.044052083653266294,586.7018368048341,0.1361078518756625,FALSE
5 Chemicals and related products n.e.s.,2024-10-01,584.015,6.359553126233244,0.0602223005220049,-0.04984875932536781,613.8652409358198,0.1361078518756625,FALSE
5 Chemicals and related products n.e.s.,2024-11-01,599.444,6.364518550419274,5.609007642802912e-4,0.030923107744938783,581.1910027957331,0.1361078518756625,FALSE
5 Chemicals and related products n.e.s.,2024-12-01,588.359,6.367557708744574,-0.015685736089659355,0.025465333155106684,573.5654034241326,0.1361078518756625,FALSE
5 Chemicals and related products n.e.s.,2025-01-01,632.253,6.370596867069874,-0.12477406486929583,0.20346682829672158,515.85349574891,0.1361078518756625,FALSE
5 Chemicals and related products n.e.s.,2025-02-01,536.01,6.36611755062046,0.021774767765303613,-0.1037395007725781,594.602026294275,0.1361078518756625,FALSE
5 Chemicals and related products n.e.s.,2025-03-01,651.438,6.361638234171046,0.07623761630439116,0.04130637655714864,625.0776302826671,0.1361078518756625,FALSE
5 Chemicals and related products n.e.s.,2025-04-01,664.844,6.342349986400027,0.12899026957177429,0.028212170698178163,646.3494203806264,0.1361078518756625,FALSE
5 Chemicals and related products n.e.s.,2025-05-01,515.368,6.323061738629009,0.01867206845765463,-0.09685259849479344,567.7798792550474,0.1361078518756625,FALSE
5 Chemicals and related products n.e.s.,2025-06-01,640.025,6.291497922591393,0.09395277383461904,0.07605654166478537,593.1520038532404,0.1361078518756625,FALSE
5 Chemicals and related products n.e.s.,2025-07-01,619.73,6.259934106553778,-0.14194813385239902,0.3112979266161515,453.9495065037843,0.1361078518756625,TRUE
5 Chemicals and related products n.e.s.,2025-08-01,394.947,6.2293346775783665,-0.13793176809630744,-0.11265133079869472,442.0411200253425,0.1361078518756625,FALSE
5 Chemicals and related products n.e.s.,2025-09-01,503.705,6.198735248602954,0.019929044619146147,0.003326486023814468,502.0322161459472,0.1361078518756625,FALSE
5 Chemicals and related products n.e.s.,2025-10-01,528.479,6.178342633460597,0.0602223005220049,0.03143813543889262,512.1230529636357,0.1361078518756625,FALSE
5 Chemicals and related products n.e.s.,2025-11-01,377.588,6.157950018318239,5.609007642802912e-4,-0.22470726497717486,472.7236267430719,0.1361078518756625,FALSE
5 Chemicals and related products n.e.s.,2025-12-01,471.528,6.142102997376278,-0.015685736089659355,0.0295612239653531,457.7930661075716,0.1361078518756625,FALSE
5 Chemicals and related products n.e.s.,2026-01-01,282.602,6.126255976434317,-0.12477406486929583,-0.3574423641988016,404.0270824836719,0.1361078518756625,TRUE
5 Chemicals and related products n.e.s.,2026-02-01,496.251,6.110219798827768,0.021774767765303613,0.0750872805196483,460.35345119207705,0.1361078518756625,FALSE
5 Chemicals and related products n.e.s.,2026-03-01,493.802,6.0941836212212195,0.07623761630439116,0.03171338960002856,478.3875784522521,0.1361078518756625,FALSE
5 Chemicals and related products n.e.s.,2026-04-01,530.873,6.080328878678893,0.12899026957177429,0.06520367301047258,497.3625058500208,0.1361078518756625,FALSE
5 Chemicals and related products n.e.s.,2026-05-01,422.125,6.066474136136566,0.01867206845765463,-0.03984472588848842,439.2840333221327,0.1361078518756625,FALSE
5 Chemicals and related products n.e.s.,2026-06-01,571.054,6.055205971997913,0.09395277383461904,0.1983250302801256,468.32324213857873,0.1361078518756625,FALSE
5 Chemicals and related products n.e.s.,2026-07-01,348.573,6.04393780785926,-0.14194813385239902,-0.0481419965883676,365.76449646177434,0.1361078518756625,FALSE
6 Manufactured goods classified chiefly by material,2018-01-01,338.07,6.0610325444971425,0.08313246272317187,-0.3209120325879464,465.9903879612491,0.24497045354092822,FALSE
6 Manufactured goods classified chiefly by material,2018-02-01,459.894,6.06582595412765,-0.012011872636052865,0.0771819466547603,425.73372046095244,0.24497045354092822,FALSE
6 Manufactured goods classified chiefly by material,2018-03-01,432.78,6.070619363758158,0.19466119376812616,-0.19505104178264698,525.9891354709947,0.24497045354092822,FALSE
6 Manufactured goods classified chiefly by material,2018-04-01,529.873,6.07320202206979,-0.045509484320538605,0.2449448174413149,414.7568885066941,0.24497045354092822,FALSE
6 Manufactured goods classified chiefly by material,2018-05-01,576.601,6.075784680381422,0.0033095445962780666,0.27805629452964187,436.6335238112636,0.24497045354092822,FALSE
6 Manufactured goods classified chiefly by material,2018-06-01,480.686,6.077866200414377,0.014485299001009916,0.08286275086652672,442.4606347241683,0.24497045354092822,FALSE
6 Manufactured goods classified chiefly by material,2018-07-01,375.742,6.079947720447333,-0.11235271618801351,-0.03869226660471625,390.56523260743745,0.24497045354092822,FALSE
6 Manufactured goods classified chiefly by material,2018-08-01,386.762,6.080282952675402,-0.058927835331264444,-0.06354560057658087,412.1367110907081,0.24497045354092822,FALSE
6 Manufactured goods classified chiefly by material,2018-09-01,517.039,6.080618184903472,0.006515568338525594,0.16098455362443342,440.1579999464375,0.24497045354092822,FALSE
6 Manufactured goods classified chiefly by material,2018-10-01,470.281,6.06288317885571,-0.019408553769934597,0.10985576330429137,421.35454338567996,0.24497045354092822,FALSE
6 Manufactured goods classified chiefly by material,2018-11-01,314.525,6.045148172807947,-0.02687291533470025,-0.2672116932360522,410.86934043671545,0.24497045354092822,FALSE
6 Manufactured goods classified chiefly by material,2018-12-01,365.166,6.015498081025303,-0.027020678016829516,-0.08812535829311585,398.8069251905386,0.24497045354092822,FALSE
6 Manufactured goods classified chiefly by material,2019-01-01,554.25,5.985847989242658,0.08313246272317187,0.24863539653059075,432.23976764081414,0.24497045354092822,FALSE
6 Manufactured goods classified chiefly by material,2019-02-01,484.743,5.965522857600419,-0.012011872636052865,0.2301078686209177,385.1030593018149,0.24497045354092822,FALSE
6 Manufactured goods classified chiefly by material,2019-03-01,344.638,5.945197725958181,0.19466119376812616,-0.2973643289320389,463.9881066724525,0.24497045354092822,FALSE
6 Manufactured goods classified chiefly by material,2019-04-01,396.084,5.933927824471237,-0.045509484320538605,0.09320796982138013,360.83411596081265,0.24497045354092822,FALSE
6 Manufactured goods classified chiefly by material,2019-05-01,348.951,5.922657922984292,0.0033095445962780666,-0.07103595638143823,374.6407128301856,0.24497045354092822,FALSE
6 Manufactured goods classified chiefly by material,2019-06-01,326.325,5.912428870299866,0.014485299001009916,-0.13902035202602292,374.9955537752834,0.24497045354092822,FALSE
6 Manufactured goods classified chiefly by material,2019-07-01,243.074,5.902199817615441,-0.11235271618801351,-0.29648117769676663,326.96302837358735,0.24497045354092822,FALSE
6 Manufactured goods classified chiefly by material,2019-08-01,423.623,5.8899753945457185,-0.058927835331264444,0.21779634954493332,340.71541175891394,0.24497045354092822,FALSE
6 Manufactured goods classified chiefly by material,2019-09-01,337.248,5.877750971475996,0.006515568338525594,-0.06344797506299571,359.3391103866912,0.24497045354092822,FALSE
6 Manufactured goods classified chiefly by material,2019-10-01,499.583,5.8567380128347875,-0.019408553769934597,0.37644429138585256,342.8624886533767,0.24497045354092822,FALSE
6 Manufactured goods classified chiefly by material,2019-11-01,313.807,5.835725054193579,-0.02687291533470025,-0.0600739916067079,333.2363969460116,0.24497045354092822,FALSE
6 Manufactured goods classified chiefly by material,2019-12-01,390.879,5.795339627300514,-0.027020678016829516,0.20007909989255168,319.999345117442,0.24497045354092822,FALSE
6 Manufactured goods classified chiefly by material,2020-01-01,284.618,5.7549542004074485,0.08313246272317187,-0.1869387328128722,343.1222038400726,0.24497045354092822,FALSE
6 Manufactured goods classified chiefly by material,2020-02-01,409.904,5.70821183562035,-0.012011872636052865,0.31972302295605814,297.73384891454526,0.24497045354092822,FALSE
6 Manufactured goods classified chiefly by material,2020-03-01,406.366,5.661469470833251,0.19466119376812616,0.15112356674576066,349.3696967695219,0.24497045354092822,FALSE
6 Manufactured goods classified chiefly by material,2020-04-01,316.744,5.632989030891034,-0.045509484320538605,0.17061433006776028,267.0616542588013,0.24497045354092822,FALSE
6 Manufactured goods classified chiefly by material,2020-05-01,125.08,5.604508590948816,0.0033095445962780666,-0.778864602955454,272.54892398421,0.24497045354092822,TRUE
6 Manufactured goods classified chiefly by material,2020-06-01,249.837,5.597892791400427,0.014485299001009916,-0.09156938518362523,273.7945726661846,0.24497045354092822,FALSE
6 Manufactured goods classified chiefly by material,2020-07-01,194.99,5.5912769918520375,-0.11235271618801351,-0.20597600046652875,239.58883715772973,0.24497045354092822,FALSE
6 Manufactured goods classified chiefly by material,2020-08-01,158.403,5.603006601515736,-0.058927835331264444,-0.4789363475895545,255.71889280791882,0.24497045354092822,FALSE
6 Manufactured goods classified chiefly by material,2020-09-01,313.404,5.6147362111794346,0.006515568338525594,0.12624131356437385,276.2349521568636,0.24497045354092822,FALSE
6 Manufactured goods classified chiefly by material,2020-10-01,360.246,5.654852078559764,-0.019408553769934597,0.25134360662774213,280.1831579327018,0.24497045354092822,FALSE
6 Manufactured goods classified chiefly by material,2020-11-01,314.751,5.6949679459400935,-0.02687291533470025,0.083686819438718807,289.4825534007105,0.24497045354092822,FALSE
6 Manufactured goods classified chiefly by material,2020-12-01,364.316,5.756051796474193,-0.027020678016829516,0.16899050443898744,307.6710271411259,0.24497045354092822,FALSE
6 Manufactured goods classified chiefly by material,2021-01-01,336.619,5.817135647008293,0.08313246272317187,-0.0813163827466683,365.13535108394797,0.24497045354092822,FALSE
6 Manufactured goods classified chiefly by material,2021-02-01,297.355,5.87398820210254,-0.012011872636052865,-0.16704961825431663,351.417975874683,0.24497045354092822,FALSE
6 Manufactured goods classified chiefly by material,2021-03-01,445.043,5.930840757196787,0.19466119376812616,-0.027331044253490866,457.37423509837186,0.24497045354092822,FALSE
6 Manufactured goods classified chiefly by material,2021-04-01,391.306,5.972092263495938,-0.045509484320538605,0.04290708342711547,374.87130454028636,0.24497045354092822,FALSE
6 Manufactured goods classified chiefly by material,2021-05-01,456.789,6.01334376979509,0.0033095445962780666,0.10756826310007117,410.20347389722633,0.24497045354092822,FALSE
6 Manufactured goods classified chiefly by material,2021-06-01,335.49,6.0468136001762876,0.014485299001009916,-0.24570674946909143,428.9322148827762,0.24497045354092822,FALSE
6 Manufactured goods classified chiefly by material,2021-07-01,442.421,6.080283430557485,-0.11235271618801351,0.1243312030664967,390.6963713157613,0.24497045354092822,FALSE
6 Manufactured goods classified chiefly by material,2021-08-01,582.81,6.114400779088465,-0.058927835331264444,0.312388288961599,426.44054016119753,0.24497045354092822,FALSE
6 Manufactured goods classified chiefly by material,2021-09-01,472.583,6.148518127619445,0.006515568338525594,0.00317969692483544,471.0827157767844,0.24497045354092822,FALSE
6 Manufactured goods classified chiefly by material,2021-10-01,537.54,6.194413723172396,-0.019408553769934597,0.11199800643508073,480.58550825419707,0.24497045354092822,FALSE
6 Manufactured goods classified chiefly by material,2021-11-01,360.444,6.2403093187253464,-0.02687291533470025,-0.32609979853794435,499.4144955675294,0.24497045354092822,FALSE
6 Manufactured goods classified chiefly by material,2021-12-01,570.254,6.289788489744371,-0.027020678016829516,0.08331406387969409,524.6691176098608,0.24497045354092822,FALSE
6 Manufactured goods classified chiefly by material,2022-01-01,497.253,6.339267660763395,0.08313246272317187,-0.2133011725881806,615.4785673472644,0.24497045354092822,FALSE
6 Manufactured goods classified chiefly by material,2022-02-01,401.245,6.375710228694153,-0.012011872636052865,-0.3691261427507051,580.388876768487,0.24497045354092822,FALSE
6 Manufactured goods classified chiefly by material,2022-03-01,738.623,6.412152796624911,0.19466119376812616,-0.0020263484648292973,740.1212250324811,0.24497045354092822,FALSE
6 Manufactured goods classified chiefly by material,2022-04-01,826.968,6.43655834424651,-0.045509484320538605,0.32671714027411447,596.4818776437372,0.24497045354092822,FALSE
6 Manufactured goods classified chiefly by material,2022-05-01,952.99,6.46096389186811,0.0033095445962780666,0.39533097395532746,641.7978870622217,0.24497045354092822,FALSE
6 Manufactured goods classified chiefly by material,2022-06-01,892.6,6.476945591703805,0.014485299001009916,0.3027076614903548,659.4663126424474,0.24497045354092822,FALSE
6 Manufactured goods classified chiefly by material,2022-07-01,582.702,6.4929272915395,-0.11235271618801351,-0.012898668910424682,590.2667629755344,0.24497045354092822,FALSE
6 Manufactured goods classified chiefly by material,2022-08-01,664.069,6.49538417207994,-0.058927835331264444,0.06192972299155031,624.1909534800245,0.24497045354092822,FALSE
6 Manufactured goods classified chiefly by material,2022-09-01,692.368,6.49784105262038,0.006515568338525594,0.03576098521507198,668.0457244429122,0.24497045354092822,FALSE
6 Manufactured goods classified chiefly by material,2022-10-01,460.471,6.479212034244068,-0.019408553769934597,-0.3275536017889271,638.9354809331528,0.24497045354092822,FALSE
6 Manufactured goods classified chiefly by material,2022-11-01,705.726,6.460583015867757,-0.02687291533470025,0.12551695964611742,622.4791292907619,0.24497045354092822,FALSE
6 Manufactured goods classified chiefly by material,2022-12-01,413.231,6.442872893832824,-0.027020678016829516,-0.3918454571833303,611.4616361146558,0.24497045354092822,FALSE
6 Manufactured goods classified chiefly by material,2023-01-01,710.622,6.425162771797892,0.08313246272317187,0.057845408338941695,670.6820867915092,0.24497045354092822,FALSE
6 Manufactured goods classified chiefly by material,2023-02-01,725.632,6.419517102943475,-0.012011872636052865,0.17953776895436135,606.3790164848828,0.24497045354092822,FALSE
6 Manufactured goods classified chiefly by material,2023-03-01,947.164,6.4138714340890575,0.19466119376812616,0.24493962879352615,741.3943187777721,0.24497045354092822,FALSE
6 Manufactured goods classified chiefly by material,2023-04-01,353.704,6.410070277617557,-0.045509484320538605,-0.49610038813058743,580.8896416569706,0.24497045354092822,TRUE
6 Manufactured goods classified chiefly by material,2023-05-01,759.613,6.406269121146057,0.0033095445962780666,0.22323042732001763,607.6376085784675,0.24497045354092822,FALSE
6 Manufactured goods classified chiefly by material,2023-06-01,713.455,6.396852839522606,0.014485299001009916,0.1587812270280038,608.707671508891,0.24497045354092822,FALSE
6 Manufactured goods classified chiefly by material,2023-07-01,517.135,6.387436557899155,-0.11235271618801351,-0.02677987943222515,531.170914169511,0.24497045354092822,FALSE
6 Manufactured goods classified chiefly by material,2023-08-01,662.887,6.369431278185541,-0.058927835331264444,0.18610109539974928,550.3219347284894,0.24497045354092822,FALSE
6 Manufactured goods classified chiefly by material,2023-09-01,490.311,6.351425998471927,0.006515568338525594,-0.1629016831612038,577.0572991193209,0.24497045354092822,FALSE
6 Manufactured goods classified chiefly by material,2023-10-01,556.894,6.33390705593143,-0.019408553769934597,0.00787641444899112,552.5249010563232,0.24497045354092822,FALSE
6 Manufactured goods classified chiefly by material,2023-11-01,457.328,6.316388113390933,-0.02687291533470025,-0.16411434031409122,538.8920098518682,0.24497045354092822,FALSE
6 Manufactured goods classified chiefly by material,2023-12-01,720.861,6.302424267023776,-0.027020678016829516,0.30504274189731806,531.3407817888351,0.24497045354092822,FALSE
6 Manufactured goods classified chiefly by material,2024-01-01,431.094,6.288460420656618,0.08313246272317187,-0.30526671960803675,584.9889062517312,0.24497045354092822,FALSE
6 Manufactured goods classified chiefly by material,2024-02-01,586.893,6.279790458509913,-0.012011872636052865,0.10706393454484164,527.3047137336989,0.24497045354092822,FALSE
6 Manufactured goods classified chiefly by material,2024-03-01,554.4,6.271120496363209,0.19466119376812616,-0.14789524225564143,642.7666114362268,0.24497045354092822,FALSE
6 Manufactured goods classified chiefly by material,2024-04-01,448.92,6.269497609500545,-0.045509484320538605,-0.11714342703195069,504.7120785410438,0.24497045354092822,FALSE
6 Manufactured goods classified chiefly by material,2024-05-01,593.256,6.26787472263788,0.0033095445962780666,0.1144417418105963,529.1036070584619,0.24497045354092822,FALSE
6 Manufactured goods classified chiefly by material,2024-06-01,599.303,6.270426647258513,0.014485299001009916,0.11085536703223386,536.4170550297424,0.24497045354092822,FALSE
6 Manufactured goods classified chiefly by material,2024-07-01,454.298,6.272978571879146,-0.11235271618801351,-0.041872485312749674,473.724465228945,0.24497045354092822,FALSE
6 Manufactured goods classified chiefly by material,2024-08-01,513.347,6.27586170332322,-0.058927835331264444,0.0240181617698374,501.1642381348949,0.24497045354092822,FALSE
6 Manufactured goods classified chiefly by material,2024-09-01,531.838,6.278744834767294,0.006515568338525594,-0.00892147141534494,536.6040057952831,0.24497045354092822,FALSE
6 Manufactured goods classified chiefly by material,2024-10-01,396.307,6.270977949209325,-0.019408553769934597,-0.269380232012673,518.8264299000998,0.24497045354092822,FALSE
6 Manufactured goods classified chiefly by material,2024-11-01,808.173,6.2632110636513545,-0.02687291533470025,0.45843799619729086,510.9839334482999,0.24497045354092822,FALSE
6 Manufactured goods classified chiefly by material,2024-12-01,405.083,6.238997143022203,-0.027020678016829516,-0.20788448062420883,498.68591314741957,0.24497045354092822,FALSE
6 Manufactured goods classified chiefly by material,2025-01-01,827.503,6.214783222393052,0.08313246272317187,0.42049704750606587,543.4380328774782,0.24497045354092822,FALSE
6 Manufactured goods classified chiefly by material,2025-02-01,315.694,6.180415964038202,-0.012011872636052865,-0.4136307014036671,477.4235733992612,0.24497045354092822,FALSE
6 Manufactured goods classified chiefly by material,2025-03-01,744.877,6.146048705683353,0.19466119376812616,0.27250920462632333,567.1988226264979,0.24497045354092822,FALSE
6 Manufactured goods classified chiefly by material,2025-04-01,648.533,6.1094140916054895,-0.045509484320538605,0.410808281838392,430.0513444620249,0.24497045354092822,FALSE
6 Manufactured goods classified chiefly by material,2025-05-01,317.407,6.072779477527626,0.0033095445962780666,-0.3159041600844894,435.32332119782274,0.24497045354092822,FALSE
6 Manufactured goods classified chiefly by material,2025-06-01,327.061,6.047177106243402,0.014485299001009916,-0.2715157074018837,429.08816268753634,0.24497045354092822,FALSE
6 Manufactured goods classified chiefly by material,2025-07-01,435.185,6.021574734959178,-0.11235271618801351,0.16654920926480532,368.41942049314605,0.24497045354092822,FALSE
6 Manufactured goods classified chiefly by material,2025-08-01,291.958,6.008131429563065,-0.058927835331264444,-0.2725936379252909,383.4478373561251,0.24497045354092822,FALSE
6 Manufactured goods classified chiefly by material,2025-09-01,364.229,5.9946881241669505,0.006515568338525594,-0.10342090180319374,403.9146900843316,0.24497045354092822,FALSE
6 Manufactured goods classified chiefly by material,2025-10-01,299.317,5.992872203774978,-0.019408553769934597,-0.2719604375612752,392.86406050365935,0.24497045354092822,FALSE
6 Manufactured goods classified chiefly by material,2025-11-01,447.562,5.991056283383006,-0.02687291533470025,0.13963170755582155,389.2350364799573,0.24497045354092822,FALSE
6 Manufactured goods classified chiefly by material,2025-12-01,367.55,6.013666430915295,-0.027020678016829516,-0.07978638907836899,398.077119020955,0.24497045354092822,FALSE
6 Manufactured goods classified chiefly by material,2026-01-01,658.08,6.036276578447584,0.08313246272317187,0.3699174633113582,454.59596760328566,0.24497045354092822,FALSE
6 Manufactured goods classified chiefly by material,2026-02-01,435.374,6.063959496405557,-0.012011872636052865,0.024257808043508966,424.93984756640555,0.24497045354092822,FALSE
6 Manufactured goods classified chiefly by material,2026-03-01,530.792,6.09164241436353,0.19466119376812616,-0.011933377377234322,537.1640858793985,0.24497045354092822,FALSE
6 Manufactured goods classified chiefly by material,2026-04-01,217.906,6.119775081948047,-0.045509484320538605,-0.6902018204892579,434.53026524865527,0.24497045354092822,TRUE
6 Manufactured goods classified chiefly by material,2026-05-01,484.41,6.147907749532564,0.0033095445962780666,0.03171436143279749,469.28830112027043,0.24497045354092822,FALSE
6 Manufactured goods classified chiefly by material,2026-06-01,527.331,6.176906900349987,0.014485299001009916,0.0764362355199415,488.5257582426788,0.24497045354092822,FALSE
6 Manufactured goods classified chiefly by material,2026-07-01,606.982,6.2059060511674105,-0.11235271618801351,0.31494580160416774,442.9927193257072,0.24497045354092822,FALSE
7 Machinery and transport equipment,2018-01-01,481.843,6.393773060927852,-0.11330321212804159,-0.10285151395057035,534.0395227168715,0.2868433811485824,FALSE
7 Machinery and transport equipment,2018-02-01,1207.807,6.3921768968336155,-0.04392877370335587,0.7483134743882793,571.4906502766993,0.2868433811485824,TRUE
7 Machinery and transport equipment,2018-03-01,572.787,6.390580732739379,0.22050693934579318,-0.2605737522270104,743.2910361191232,0.2868433811485824,FALSE
7 Machinery and transport equipment,2018-04-01,515.11,6.393013888882299,-0.05513952374650176,-0.09349389504662486,565.5927889589909,0.2868433811485824,FALSE
7 Machinery and transport equipment,2018-05-01,525.446,6.39544704502522,-0.07285271356756236,-0.05834690569762646,557.0162042181196,0.2868433811485824,FALSE
7 Machinery and transport equipment,2018-06-01,479.697,6.399434114656119,0.012403725877083865,-0.23868318595343307,609.0119199660463,0.2868433811485824,FALSE
7 Machinery and transport equipment,2018-07-01,633.143,6.403421184287018,0.04674760443101712,5.275162855147286e-4,632.80909483439,0.2868433811485824,FALSE
7 Machinery and transport equipment,2018-08-01,489.137,6.406120791468875,0.06761472543517873,-0.2810929030684921,647.8994515192833,0.2868433811485824,FALSE
7 Machinery and transport equipment,2018-09-01,476.072,6.4088203986507315,-0.11710139085598828,-0.12614990449783825,540.0809349123033,0.2868433811485824,FALSE
7 Machinery and transport equipment,2018-10-01,499.81,6.423860172482175,0.0148513826729689,-0.22448352895124746,625.6002289221228,0.2868433811485824,FALSE
7 Machinery and transport equipment,2018-11-01,955.709,6.438899946313618,0.08388690685274072,0.3396666202425571,680.4721212175131,0.2868433811485824,FALSE
7 Machinery and transport equipment,2018-12-01,818.325,6.457131825631305,-0.043685667475428985,0.2938134100533958,609.9921926529602,0.2868433811485824,FALSE
7 Machinery and transport equipment,2019-01-01,785.844,6.475363704948992,-0.11330321212804159,0.30469780662738444,579.4390572135745,0.2868433811485824,FALSE
7 Machinery and transport equipment,2019-02-01,408.481,6.487150204204399,-0.04392877370335587,-0.43077602891059197,628.4279795796207,0.2868433811485824,FALSE
7 Machinery and transport equipment,2019-03-01,1015.002,6.4989367034598065,0.22050693934579318,0.203202219111696,828.3565211456482,0.2868433811485824,FALSE
7 Machinery and transport equipment,2019-04-01,602.574,6.503449374853238,-0.05513952374650176,-0.04709937170711509,631.63383491310594,0.2868433811485824,FALSE
7 Machinery and transport equipment,2019-05-01,712.734,6.507962046246669,-0.07285271356756236,0.13399894659794231,623.3507317435905,0.2868433811485824,FALSE
7 Machinery and transport equipment,2019-06-01,661.766,6.508528771773467,0.012403725877083865,-0.026020478520556445,679.2114532107634,0.2868433811485824,FALSE
7 Machinery and transport equipment,2019-07-01,505.036,6.509095497300264,0.04674760443101712,-0.331213387868015,703.3418886822927,0.2868433811485824,FALSE
7 Machinery and transport equipment,2019-08-01,589.02,6.522740154297512,0.06761472543517873,-0.2118947408002061,728.0391904130421,0.2868433811485824,FALSE
7 Machinery and transport equipment,2019-09-01,756.93,6.53638481129476,-0.11710139085598828,0.209987358445626,613.5632896468752,0.2868433811485824,FALSE
7 Machinery and transport equipment,2019-10-01,747.105,6.551024028977466,0.0148513826729689,0.05033032585343111,710.4335458604569,0.2868433811485824,FALSE
7 Machinery and transport equipment,2019-11-01,722.584,6.565663246660172,0.08388690685274072,-0.06671647730856378,772.4367694003461,0.2868433811485824,FALSE
7 Machinery and transport equipment,2019-12-01,805.779,6.567692903869993,-0.043685667475428985,0.1678022749657524,681.3030649132539,0.2868433811485824,FALSE
7 Machinery and transport equipment,2020-01-01,633.16,6.569722561079815,-0.11330321212804159,-0.0056961941342361655,636.7768937628892,0.2868433811485824,FALSE
7 Machinery and transport equipment,2020-02-01,547.9,6.554528400496769,-0.04392877370335587,-0.2045068382490438,672.229383514113,0.2868433811485824,FALSE
7 Machinery and transport equipment,2020-03-01,1699.331,6.539334239913723,0.22050693934579318,0.6781487439200067,862.5052011960088,0.2868433811485824,TRUE
7 Machinery and transport equipment,2020-04-01,808.832,6.510495499240073,-0.05513952374650176,0.24023525621736397,636.1001220095974,0.2868433811485824,FALSE
7 Machinery and transport equipment,2020-05-01,466.112,6.481656758566423,-0.07285271356756236,-0.26437809640341037,607.1671021378987,0.2868433811485824,FALSE
7 Machinery and transport equipment,2020-06-01,543.553,6.448252100905917,0.012403725877083865,-0.1625286088767659,639.4803073893548,0.2868433811485824,FALSE
7 Machinery and transport equipment,2020-07-01,730.505,6.414847443245411,0.04674760443101712,0.13214102811786965,640.0812027975791,0.2868433811485824,FALSE
7 Machinery and transport equipment,2020-08-01,430.8,6.383799573831637,0.06761472543517873,-0.38577035398458204,633.5977562784901,0.2868433811485824,FALSE
7 Machinery and transport equipment,2020-09-01,503.61,6.352751704417863,-0.11710139085598828,-0.013848154559442882,510.63258178953396,0.2868433811485824,FALSE
7 Machinery and transport equipment,2020-10-01,639.14,6.337734237750826,0.0148513826729689,0.1075379022882883,573.9748731858058,0.2868433811485824,FALSE
7 Machinery and transport equipment,2020-11-01,542.966,6.32271677108379,0.08388690685274072,-0.10955697506429196,605.8325804022968,0.2868433811485824,FALSE
7 Machinery and transport equipment,2020-12-01,463.407,6.329943523940586,-0.043685667475428985,-0.1476521388407912,537.1395102894776,0.2868433811485824,FALSE
7 Machinery and transport equipment,2021-01-01,487.061,6.337170276797382,-0.11330321212804159,-0.03547769275720114,504.65098153736824,0.2868433811485824,FALSE
7 Machinery and transport equipment,2021-02-01,593.376,6.350810028631344,-0.04392877370335587,0.07894700721698467,548.3321710853812,0.2868433811485824,FALSE
7 Machinery and transport equipment,2021-03-01,691.623,6.364449780465304,0.22050693934579318,-0.04591571033747144,724.1197069511246,0.2868433811485824,FALSE
7 Machinery and transport equipment,2021-04-01,571.812,6.374631482475754,-0.05513952374650176,0.029318307297614865,555.2908101285273,0.2868433811485824,FALSE
7 Machinery and transport equipment,2021-05-01,607.938,6.384813184486204,-0.07285271356756236,0.09811243216364485,551.1243536633217,0.2868433811485824,FALSE
7 Machinery and transport equipment,2021-06-01,704.801,6.391499115583899,0.012403725877083865,0.15401265200220493,604.1985333113624,0.2868433811485824,FALSE
7 Machinery and transport equipment,2021-07-01,480.367,6.398185046681595,0.04674760443101712,-0.27038225602227595,629.5042791215025,0.2868433811485824,FALSE
7 Machinery and transport equipment,2021-08-01,833.783,6.405764371047343,0.06761472543517873,0.2525940801739317,647.6685680718942,0.2868433811485824,FALSE
7 Machinery and transport equipment,2021-09-01,602.08,6.41334369541309,-0.11710139085598828,0.10414802228802511,542.5294146822114,0.2868433811485824,FALSE
7 Machinery and transport equipment,2021-10-01,495.269,6.421738320419111,0.0148513826729689,-0.23148865378692474,624.2742050964347,0.2868433811485824,FALSE
7 Machinery and transport equipment,2021-11-01,655.206,6.430132945425132,0.08388690685274072,-0.02907016227178616,674.532495919743,0.2868433811485824,FALSE
7 Machinery and transport equipment,2021-12-01,510.303,6.440348554955943,-0.043685667475428985,-0.1616582205331012,599.8399607062297,0.2868433811485824,FALSE
7 Machinery and transport equipment,2022-01-01,560.882,6.450564164486752,-0.11330321212804159,-0.007750407641224477,565.245953503141,0.2868433811485824,FALSE
7 Machinery and transport equipment,2022-02-01,565.894,6.466423147179707,-0.04392877370335587,-0.08408759196404247,615.5365789297024,0.2868433811485824,FALSE
7 Machinery and transport equipment,2022-03-01,1241.104,6.482282129872663,0.22050693934579318,0.42096751585921055,814.6748440018326,0.2868433811485824,FALSE
7 Machinery and transport equipment,2022-04-01,486.958,6.510461136598605,-0.05513952374650176,-0.26714373578838835,636.0782643047132,0.2868433811485824,FALSE
7 Machinery and transport equipment,2022-05-01,571.918,6.538640143324546,-0.07285271356756236,-0.11679180529708777,642.7703006865432,0.2868433811485824,FALSE
7 Machinery and transport equipment,2022-06-01,954.033,6.575012014884338,0.012403725877083865,0.2732825212835719,725.9025235744148,0.2868433811485824,FALSE
7 Machinery and transport equipment,2022-07-01,678.325,6.611383886444131,0.04674760443101712,-0.1385049667543088,779.0938323091308,0.2868433811485824,FALSE
7 Machinery and transport equipment,2022-08-01,595.031,6.642965402598767,0.06761472543517873,-0.3219666230051814,821.0468135900352,0.2868433811485824,FALSE
7 Machinery and transport equipment,2022-09-01,819.627,6.674546918753403,-0.11710139085598828,0.1514038308236998,704.4698456209497,0.2868433811485824,FALSE
7 Machinery and transport equipment,2022-10-01,868.637,6.707169926929546,0.0148513826729689,0.04490400687395191,830.4945025642769,0.2868433811485824,FALSE
7 Machinery and transport equipment,2022-11-01,889.269,6.739792935105689,0.08388690685274072,-0.03328006503818948,919.3618995537204,0.2868433811485824,FALSE
7 Machinery and transport equipment,2022-12-01,992.63,6.791571489987789,-0.043685667475428985,0.15247216383930162,852.2550380859494,0.2868433811485824,FALSE
7 Machinery and transport equipment,2023-01-01,900.567,6.843350044869889,-0.11330321212804159,0.0729777322157723,837.1864727740121,0.2868433811485824,FALSE
7 Machinery and transport equipment,2023-02-01,833.719,6.895689153584857,-0.04392877370335587,-0.12586396475220862,945.5439590026742,0.2868433811485824,FALSE
7 Machinery and transport equipment,2023-03-01,991.883,6.948028262299824,0.22050693934579318,-0.26893004486501937,1297.9419863837811,0.2868433811485824,FALSE
7 Machinery and transport equipment,2023-04-01,1104.196,6.977985679331123,-0.05513952374650176,0.08402659172661142,1015.2053188339803,0.2868433811485824,FALSE
7 Machinery and transport equipment,2023-05-01,791.764,7.007943096362423,-0.07285271356756236,-0.2608270151832155,1027.712135321619,0.2868433811485824,FALSE
7 Machinery and transport equipment,2023-06-01,1249.436,7.020604559243068,0.012403725877083865,0.09743924335484522,1133.4351828514027,0.2868433811485824,FALSE
7 Machinery and transport equipment,2023-07-01,3446.114,7.033266022123715,0.04674760443101712,1.0649888718199625,1187.9847065374236,0.2868433811485824,TRUE
7 Machinery and transport equipment,2023-08-01,1038.029,7.042922099982828,0.06761472543517873,-0.16545782373947393,1224.8048760297934,0.2868433811485824,FALSE
7 Machinery and transport equipment,2023-09-01,890.576,7.052578177841942,-0.11710139085598828,-0.14360834258631794,1028.1093243307512,0.2868433811485824,FALSE
7 Machinery and transport equipment,2023-10-01,1356.518,7.05958766392401,0.0148513826729689,0.13823735485738986,1181.3806154215833,0.2868433811485824,FALSE
7 Machinery and transport equipment,2023-11-01,978.721,7.066597150006078,0.08388690685274072,-0.2642374396224012,1274.722844192552,0.2868433811485824,FALSE
7 Machinery and transport equipment,2023-12-01,975.462,7.057299555024315,-0.043685667475428985,-0.13070268262683005,1111.6646855308825,0.2868433811485824,FALSE
7 Machinery and transport equipment,2024-01-01,796.849,7.048001960042551,-0.11330321212804159,-0.2540335475509865,1027.3097262063338,0.2868433811485824,FALSE
7 Machinery and transport equipment,2024-02-01,1422.847,7.0343224107669275,-0.04392877370335587,0.2700214359202944,1086.1489405270474,0.2868433811485824,FALSE
7 Machinery and transport equipment,2024-03-01,989.25,7.020642861491305,0.22050693934579318,-0.3442027205715643,1395.69782315981,0.2868433811485824,FALSE
7 Machinery and transport equipment,2024-04-01,1381.064,7.028548091539982,-0.05513952374650176,0.25720092777154147,1067.8564152087547,0.2868433811485824,FALSE
7 Machinery and transport equipment,2024-05-01,1547.63,7.0364533215886595,-0.07285271356756236,0.3808793994713442,1057.4341167363327,0.2868433811485824,FALSE
7 Machinery and transport equipment,2024-06-01,1278.918,7.053540364952131,0.012403725877083865,0.0878255961063692,1171.3873456374274,0.2868433811485824,FALSE
7 Machinery and transport equipment,2024-07-01,973.541,7.070627408315602,0.04674760443101712,-0.23643507274520736,1233.2090230301474,0.2868433811485824,FALSE
7 Machinery and transport equipment,2024-08-01,861.657,7.0799635984687495,0.06761472543517873,-0.38872104426110177,1271.024216230788,0.2868433811485824,FALSE
7 Machinery and transport equipment,2024-09-01,977.043,7.089299788621896,-0.11710139085598828,-0.08766773440913944,1066.5649090099835,0.2868433811485824,FALSE
7 Machinery and transport equipment,2024-10-01,1427.417,7.0906754396844445,0.0148513826729689,0.15809497387464067,1218.6839455953673,0.2868433811485824,FALSE
7 Machinery and transport equipment,2024-11-01,1627.378,7.092051090746993,0.08388690685274072,0.2187874120756872,1307.5860385020146,0.2868433811485824,FALSE
7 Machinery and transport equipment,2024-12-01,1033.091,7.105903866840963,-0.043685667475428985,-0.12190764119264585,1167.0310041930113,0.2868433811485824,FALSE
7 Machinery and transport equipment,2025-01-01,1215.908,7.119756642934933,-0.11330321212804159,0.09679297096228101,1103.7330894529707,0.2868433811485824,FALSE
7 Machinery and transport equipment,2025-02-01,1422.407,7.160350041932089,-0.04392877370335587,0.1436845177786399,1232.0334173878573,0.2868433811485824,FALSE
7 Machinery and transport equipment,2025-03-01,1288.204,7.200943440929245,0.22050693934579318,-0.2604461010591663,1671.4559973636804,0.2868433811485824,FALSE
7 Machinery and transport equipment,2025-04-01,1068.621,7.227189003034839,-0.05513952374650176,-0.1979251680767966,1302.5113391725695,0.2868433811485824,FALSE
7 Machinery and transport equipment,2025-05-01,1417.446,7.253434565140433,-0.07285271356756236,0.07603008806529932,1313.6723982672343,0.2868433811485824,FALSE
7 Machinery and transport equipment,2025-06-01,1048.124,7.258742024527243,0.012403725877083865,-0.31638857191198344,1438.1973245707077,0.2868433811485824,FALSE
7 Machinery and transport equipment,2025-07-01,1049.146,7.264049483914054,0.04674760443101712,-0.35506530946184345,1496.369452609284,0.2868433811485824,FALSE
7 Machinery and transport equipment,2025-08-01,6881.644,7.256960087273404,0.06761472543517873,1.51203804316234,1517.1286976660465,0.2868433811485824,TRUE
7 Machinery and transport equipment,2025-09-01,1152.056,7.249870690632754,-0.11710139085598828,-0.0834658485912998,1252.34027487457,0.2868433811485824,FALSE
7 Machinery and transport equipment,2025-10-01,1365.485,7.234006248914596,0.0148513826729689,-0.02959267572132518,1406.497192147293,0.2868433811485824,FALSE
7 Machinery and transport equipment,2025-11-01,1426.126,7.21814180719644,0.08388690685274072,-0.03931175793208652,1483.3060811265689,0.2868433811485824,FALSE
7 Machinery and transport equipment,2025-12-01,1233.381,7.198963849489493,-0.043685667475428985,-0.03776372414804907,1280.8486973664003,0.2868433811485824,FALSE
7 Machinery and transport equipment,2026-01-01,1113.208,7.179785891782546,-0.11330321212804159,-0.05148146353919181,1172.018411699184,0.2868433811485824,FALSE
7 Machinery and transport equipment,2026-02-01,837.937,7.157007234855454,-0.04392877370335587,-0.3821355424937112,1227.9218432897414,0.2868433811485824,FALSE
7 Machinery and transport equipment,2026-03-01,1397.58,7.134228577928363,0.22050693934579318,-0.1122380688028386,1563.583399902555,0.2868433811485824,FALSE
7 Machinery and transport equipment,2026-04-01,1161.238,7.109998204750304,-0.05513952374650176,0.0023832753787109695,1158.4737453641974,0.2868433811485824,FALSE
7 Machinery and transport equipment,2026-05-01,1129.161,7.0857678315722445,-0.07285271356756236,0.016315040052387708,1110.888159443253,0.2868433811485824,FALSE
7 Machinery and transport equipment,2026-06-01,1352.864,7.063025651715494,0.012403725877083865,0.13454972815719124,1182.5511527766794,0.2868433811485824,FALSE
7 Machinery and transport equipment,2026-07-01,1370.543,7.040283471858744,0.04674760443101712,0.1359312143713156,1196.3506489603228,0.2868433811485824,FALSE
8 Miscellaneous manufactured articles,2018-01-01,510.339,5.652212933208655,0.01411131339065437,0.5687509641823079,288.9703959190768,0.24910783993273955,TRUE
8 Miscellaneous manufactured articles,2018-02-01,221.56,5.638156196527351,-0.06570229034467628,-0.17176047301777153,263.07887868953463,0.24910783993273955,FALSE
8 Miscellaneous manufactured articles,2018-03-01,263.642,5.6240994598460485,0.012443933051666717,-0.0619512706397094,280.49149198479085,0.24910783993273955,FALSE
8 Miscellaneous manufactured articles,2018-04-01,253.862,5.614098126828804,-0.0736394403611249,-0.0036678741805324933,254.7948436058879,0.24910783993273955,FALSE
8 Miscellaneous manufactured articles,2018-05-01,255,5.604096793811558,0.07279263365688654,-0.13562588231001893,292.03960524412145,0.24910783993273955,FALSE
8 Miscellaneous manufactured articles,2018-06-01,274.178,5.596400085152331,0.13608867560286708,-0.11871123025212782,308.73668476814333,0.24910783993273955,FALSE
8 Miscellaneous manufactured articles,2018-07-01,133.586,5.588703376493103,-0.2178949345199633,-0.4760629767806561,215.03664209884943,0.24910783993273955,FALSE
8 Miscellaneous manufactured articles,2018-08-01,270.536,5.583778368972636,-0.11179139702925803,0.12841820436404028,237.9324885657212,0.24910783993273955,FALSE
8 Miscellaneous manufactured articles,2018-09-01,294.489,5.57885336145217,0.04770616958511114,0.05868211991365335,277.7050366140749,0.24910783993273955,FALSE
8 Miscellaneous manufactured articles,2018-10-01,258.99,5.594588820742777,0.03724789675859378,-0.0750472665858295,279.1744115470444,0.24910783993273955,FALSE
8 Miscellaneous manufactured articles,2018-11-01,314.709,5.610324280033384,0.31601920544921375,-0.17469508315577542,374.7816109334829,0.24910783993273955,FALSE
8 Miscellaneous manufactured articles,2018-12-01,209.613,5.632961327568522,-0.16738164114171852,-0.12031671300249425,236.41286072135938,0.24910783993273955,FALSE
8 Miscellaneous manufactured articles,2019-01-01,461.668,5.6555983751036605,0.01411131339065437,0.46513632954148587,289.9503462503391,0.24910783993273955,FALSE
8 Miscellaneous manufactured articles,2019-02-01,345.824,5.673549999353561,-0.06570229034467628,0.23808226611186978,272.55698431913004,0.24910783993273955,FALSE
8 Miscellaneous manufactured articles,2019-03-01,237.827,5.691501623603461,0.012443933051666717,-0.23240203805313353,300.0489285892555,0.24910783993273955,FALSE
8 Miscellaneous manufactured articles,2019-04-01,243.795,5.697370161319151,-0.0736394403611249,-0.12740301273477783,276.92057188143065,0.24910783993273955,FALSE
8 Miscellaneous manufactured articles,2019-05-01,437.47,5.7032386990348405,0.07279263365688654,0.30497679932624244,322.47684418837235,0.24910783993273955,FALSE
8 Miscellaneous manufactured articles,2019-06-01,274.313,5.702908122325336,0.13608867560286708,-0.22472700774274657,343.4346334525752,0.24910783993273955,FALSE
8 Miscellaneous manufactured articles,2019-07-01,264.136,5.702577545615832,-0.2178949345199633,0.09178151092060993,240.97244987768462,0.24910783993273955,FALSE
8 Miscellaneous manufactured articles,2019-08-01,276.674,5.702001457043799,-0.11179139702925803,0.03262985778080996,267.7918661691764,0.24910783993273955,FALSE
8 Miscellaneous manufactured articles,2019-09-01,281.615,5.7014253684717655,0.04770616958511114,-0.10859064814617359,313.9179161054642,0.24910783993273955,FALSE
8 Miscellaneous manufactured articles,2019-10-01,365.931,5.704450354928095,0.03724789675859378,0.1607465393515195,311.59312546006817,0.24910783993273955,FALSE
8 Miscellaneous manufactured articles,2019-11-01,297.537,5.707475341384426,0.31601920544921375,-0.32795595983333214,413.0193924046575,0.24910783993273955,FALSE
8 Miscellaneous manufactured articles,2019-12-01,256.537,5.70747532894695,-0.16738164114171852,0.0071792159153023505,254.70186079910565,0.24910783993273955,FALSE
8 Miscellaneous manufactured articles,2020-01-01,332.444,5.707475316509475,0.01411131339065437,0.08488479495872969,305.38907821040203,0.24910783993273955,FALSE
8 Miscellaneous manufactured articles,2020-02-01,383.437,5.709355434470319,-0.06570229034467628,0.3055221867852582,282.4928227659835,0.24910783993273955,FALSE
8 Miscellaneous manufactured articles,2020-03-01,298.824,5.711235552431162,0.012443933051666717,-0.02382471416460774,306.02888272332234,0.24910783993273955,FALSE
8 Miscellaneous manufactured articles,2020-04-01,210.246,5.713868523845941,-0.0736394403611249,-0.29195080978300947,281.52720432171344,0.24910783993273955,FALSE
8 Miscellaneous manufactured articles,2020-05-01,383.466,5.716501495260718,0.07279263365688654,0.15995683085382684,326.7822767871034,0.24910783993273955,FALSE
8 Miscellaneous manufactured articles,2020-06-01,335.771,5.713707392714399,0.13608867560286708,-0.03336668833226941,347.16357560714414,0.24910783993273955,FALSE
8 Miscellaneous manufactured articles,2020-07-01,273.258,5.71091329016808,-0.2178949345199633,0.1173980481986252,242.98952991630674,0.24910783993273955,FALSE
8 Miscellaneous manufactured articles,2020-08-01,214.59,5.713207913456297,-0.11179139702925803,-0.2326872856386375,270.80974231056,0.24910783993273955,FALSE
8 Miscellaneous manufactured articles,2020-09-01,301.976,5.715502536744514,0.04770616958511114,-0.05286116231135374,318.3682419351543,0.24910783993273955,FALSE
8 Miscellaneous manufactured articles,2020-10-01,473.553,5.730522199492434,0.03724789675859378,0.3924937425293029,319.82376069585484,0.24910783993273955,FALSE
8 Miscellaneous manufactured articles,2020-11-01,327.094,5.745541862240355,0.31601920544921375,-0.2713134763278342,429.0446821454604,0.24910783993273955,FALSE
8 Miscellaneous manufactured articles,2020-12-01,208.652,5.753602991520548,-0.16738164114171852,-0.24555355795706202,266.72584960084373,0.24910783993273955,FALSE
8 Miscellaneous manufactured articles,2021-01-01,317.86,5.761664120800741,0.01411131339065437,-0.014164399922721671,322.3943334051959,0.24910783993273955,FALSE
8 Miscellaneous manufactured articles,2021-02-01,329.333,5.760709934040419,-0.06570229034467628,0.1020617532377548,297.3790666525264,0.24910783993273955,FALSE
8 Miscellaneous manufactured articles,2021-03-01,350.944,5.7597557472800975,0.012443933051666717,0.08842698624603429,321.2435892382663,0.24910783993273955,FALSE
8 Miscellaneous manufactured articles,2021-04-01,485.106,5.761516483905817,-0.0736394403611249,0.49649038021378544,295.2661176848628,0.24910783993273955,FALSE
8 Miscellaneous manufactured articles,2021-05-01,272.837,5.763277220531536,0.07279263365688654,-0.22719530691756606,342.4308892701324,0.24910783993273955,FALSE
8 Miscellaneous manufactured articles,2021-06-01,434.823,5.764826608316115,0.13608867560286708,0.17402376781311357,365.37173374024604,0.24910783993273955,FALSE
8 Miscellaneous manufactured articles,2021-07-01,210.562,5.766375996100694,-0.2178949345199633,-0.19870091500864628,256.84712449493185,0.24910783993273955,FALSE
8 Miscellaneous manufactured articles,2021-08-01,202.077,5.753089982377448,-0.11179139702925803,-0.33264977246190686,281.82845925896896,0.24910783993273955,FALSE
8 Miscellaneous manufactured articles,2021-09-01,390.04,5.739803968654201,0.04770616958511114,0.17873915972760646,326.199819954742,0.24910783993273955,FALSE
8 Miscellaneous manufactured articles,2021-10-01,262.891,5.7257826838927075,0.03724789675859378,-0.1912910830503245,318.3115374265173,0.24910783993273955,FALSE
8 Miscellaneous manufactured articles,2021-11-01,554.197,5.711761399131214,0.31601920544921375,0.28973961462556996,414.79341643999976,0.24910783993273955,FALSE
8 Miscellaneous manufactured articles,2021-12-01,330.014,5.717384948519005,-0.16738164114171852,0.24913177042578116,257.23840668883133,0.24910783993273955,FALSE
8 Miscellaneous manufactured articles,2022-01-01,222.951,5.723008497906796,0.01411131339065437,-0.3301677949234163,310.16977575670535,0.24910783993273955,FALSE
8 Miscellaneous manufactured articles,2022-02-01,272.581,5.743702185802194,-0.06570229034467628,-0.0700640778171433,292.3640860066924,0.24910783993273955,FALSE
8 Miscellaneous manufactured articles,2022-03-01,354.523,5.764395873697593,0.012443933051666717,0.0939334172311348,322.7376637697795,0.24910783993273955,FALSE
8 Miscellaneous manufactured articles,2022-04-01,188.475,5.78356309495541,-0.0736394403611249,-0.47095828249651994,301.84802269333227,0.24910783993273955,FALSE
8 Miscellaneous manufactured articles,2022-05-01,385.518,5.802730316213226,0.07279263365688654,0.07906493465020947,356.2108924115219,0.24910783993273955,FALSE
8 Miscellaneous manufactured articles,2022-06-01,492.149,5.8140460052779845,0.13608867560286708,0.2486468352914617,383.80502677944185,0.24910783993273955,FALSE
8 Miscellaneous manufactured articles,2022-07-01,216.425,5.825361694342743,-0.2178949345199633,-0.2302226927209432,272.45317373232126,0.24910783993273955,FALSE
8 Miscellaneous manufactured articles,2022-08-01,348.011,5.841838656421261,-0.11179139702925803,0.1221868290783128,307.9838231617127,0.24910783993273955,FALSE
8 Miscellaneous manufactured articles,2022-09-01,611.799,5.85831561849978,0.04770616958511114,0.5103820091094899,367.24227792678596,0.24910783993273955,TRUE
8 Miscellaneous manufactured articles,2022-10-01,317.635,5.876161540819664,0.03724789675859378,-0.15250651276568217,369.96538143741657,0.24910783993273955,FALSE
8 Miscellaneous manufactured articles,2022-11-01,618.069,5.894007463139548,0.31601920544921375,0.2165734331219138,497.71452445379157,0.24910783993273955,FALSE
8 Miscellaneous manufactured articles,2022-12-01,227.66,5.910394315461098,-0.16738164114171852,-0.3151593864223097,312.0029598051272,0.24910783993273955,FALSE
8 Miscellaneous manufactured articles,2023-01-01,255.753,5.926781167782648,0.01411131339065437,-0.39668034620508674,380.27416566824706,0.24910783993273955,FALSE
8 Miscellaneous manufactured articles,2023-02-01,357.636,5.948503097153653,-0.06570229034467628,-0.0032850974356772866,358.81280100115845,0.24910783993273955,FALSE
8 Miscellaneous manufactured articles,2023-03-01,502.97,5.970225026524658,0.012443933051666717,0.23786156659763424,396.4971921957555,0.24910783993273955,FALSE
8 Miscellaneous manufactured articles,2023-04-01,300.543,6.000069049847193,-0.0736394403611249,-0.22083877090596626,374.81389001622546,0.24910783993273955,FALSE
8 Miscellaneous manufactured articles,2023-05-01,425.695,6.029913073169729,0.07279263365688654,-0.048982579422068184,447.06576399645667,0.24910783993273955,FALSE
8 Miscellaneous manufactured articles,2023-06-01,595,6.06431303826448,0.13608867560286708,0.18815969167828328,492.9470249799592,0.24910783993273955,FALSE
8 Miscellaneous manufactured articles,2023-07-01,302.978,6.098713003359231,-0.2178949345199633,-0.16715787322665943,358.10207406207724,0.24910783993273955,FALSE
8 Miscellaneous manufactured articles,2023-08-01,553.543,6.126932811710672,-0.11179139702925803,0.30119802189330525,409.5837559777386,0.24910783993273955,FALSE
8 Miscellaneous manufactured articles,2023-09-01,557.379,6.155152620062113,0.04770616958511114,0.12038664977163815,494.1597224104322,0.24910783993273955,FALSE
8 Miscellaneous manufactured articles,2023-10-01,539.55,6.1770643762643775,0.03724789675859378,0.07642318578677187,499.8521091763991,0.24910783993273955,FALSE
8 Miscellaneous manufactured articles,2023-11-01,571.359,6.198976132466642,0.31601920544921375,-0.16697760428127406,675.1908137194417,0.24910783993273955,FALSE
8 Miscellaneous manufactured articles,2023-12-01,472.312,6.212462196725284,-0.16738164114171852,0.11255922857566603,422.0317531276302,0.24910783993273955,FALSE
8 Miscellaneous manufactured articles,2024-01-01,372.104,6.225948260983927,0.01411131339065437,-0.3208861892813415,512.8890650779798,0.24910783993273955,FALSE
8 Miscellaneous manufactured articles,2024-02-01,558.308,6.225565952256666,-0.06570229034467628,0.16504711951534734,473.36353295615953,0.24910783993273955,FALSE
8 Miscellaneous manufactured articles,2024-03-01,431.639,6.225183643529406,0.012443933051666717,-0.17003798583365892,511.6432355447832,0.24910783993273955,FALSE
8 Miscellaneous manufactured articles,2024-04-01,691.314,6.22599862838653,-0.0736394403611249,0.38623494642044687,469.82448464113145,0.24910783993273955,FALSE
8 Miscellaneous manufactured articles,2024-05-01,609.53,6.226813613243654,0.07279263365688654,0.11308192148217078,544.357525458522,0.24910783993273955,FALSE
8 Miscellaneous manufactured articles,2024-06-01,379.771,6.236725596802797,0.13608867560286708,-0.4332458329195745,585.7038418004244,0.24910783993273955,FALSE
8 Miscellaneous manufactured articles,2024-07-01,727.386,6.2466375803619405,-0.2178949345199633,0.5607146398938525,415.1926568337078,0.24910783993273955,TRUE
8 Miscellaneous manufactured articles,2024-08-01,322.306,6.259847853806964,-0.11179139702925803,-0.372555051933503,467.8072989661458,0.24910783993273955,FALSE
8 Miscellaneous manufactured articles,2024-09-01,447.489,6.273058127251988,0.04770616958511114,-0.21711234042989425,555.9977774425457,0.24910783993273955,FALSE
8 Miscellaneous manufactured articles,2024-10-01,536.933,6.282952081250173,0.03724789675859378,-0.03432665850930494,555.6841059419145,0.24910783993273955,FALSE
8 Miscellaneous manufactured articles,2024-11-01,757.431,6.292846035248356,0.31601920544921375,0.021067203428178694,741.6409570632438,0.24910783993273955,FALSE
8 Miscellaneous manufactured articles,2024-12-01,481.116,6.308216753508143,-0.16738164114171852,0.035273292905079856,464.441269598458,0.24910783993273955,FALSE
8 Miscellaneous manufactured articles,2025-01-01,661.073,6.32358747176793,0.01411131339065437,0.15616548732439206,565.4934909076239,0.24910783993273955,FALSE
8 Miscellaneous manufactured articles,2025-02-01,427.019,6.336844900331933,-0.06570229034467628,-0.21431410126145156,529.0815665179433,0.24910783993273955,FALSE
8 Miscellaneous manufactured articles,2025-03-01,826.284,6.350102328895935,0.012443933051666717,0.3543922781447373,579.7205991950093,0.24910783993273955,FALSE
8 Miscellaneous manufactured articles,2025-04-01,623.688,6.357847307326709,-0.0736394403611249,0.1514423763621604,536.0395078155652,0.24910783993273955,FALSE
8 Miscellaneous manufactured articles,2025-05-01,445.185,6.365592285757483,0.07279263365688654,-0.33989499330296447,625.3959188972151,0.24910783993273955,FALSE
8 Miscellaneous manufactured articles,2025-06-01,696.331,6.3613809278230615,0.13608867560286708,0.04835551857132181,663.4606885598273,0.24910783993273955,FALSE
8 Miscellaneous manufactured articles,2025-07-01,536.411,6.35716956988864,-0.2178949345199633,0.1456260229128441,463.71708486420937,0.24910783993273955,FALSE
8 Miscellaneous manufactured articles,2025-08-01,715.165,6.338805981748843,-0.11179139702925803,0.3454987005820689,506.24188300385885,0.24910783993273955,FALSE
8 Miscellaneous manufactured articles,2025-09-01,355.127,6.320442393609045,0.04770616958511114,-0.4956730912158811,582.9774831346948,0.24910783993273955,FALSE
8 Miscellaneous manufactured articles,2025-10-01,475.256,6.306424900793516,0.03724789675859378,-0.17981919132901947,568.8818670540525,0.24910783993273955,FALSE
8 Miscellaneous manufactured articles,2025-11-01,1120.332,6.292407407977988,0.31601920544921375,0.4129537355070987,741.3157244478157,0.24910783993273955,FALSE
8 Miscellaneous manufactured articles,2025-12-01,601.424,6.2932722554380796,-0.16738164114171852,0.273409562345746,457.5520342420695,0.24910783993273955,FALSE
8 Miscellaneous manufactured articles,2026-01-01,440.784,6.294137102898172,0.01411131339065437,-0.21969345674955054,549.0823423283152,0.24910783993273955,FALSE
8 Miscellaneous manufactured articles,2026-02-01,353.068,6.294797549272449,-0.06570229034467628,-0.36243458598522427,507.29630400582045,0.24910783993273955,FALSE
8 Miscellaneous manufactured articles,2026-03-01,405.805,6.295457995646725,0.012443933051666717,-0.3020291800420223,548.8921250664349,0.24910783993273955,FALSE
8 Miscellaneous manufactured articles,2026-04-01,536.496,6.296122236872646,-0.0736394403611249,0.06257630979984352,503.95289253547566,0.24910783993273955,FALSE
8 Miscellaneous manufactured articles,2026-05-01,628.714,6.296786478098568,0.07279263365688654,0.07409735155804853,583.8120575417438,0.24910783993273955,FALSE
8 Miscellaneous manufactured articles,2026-06-01,710.203,6.299725856850674,0.13608867560286708,0.12973631220873205,623.7904735737059,0.24910783993273955,FALSE
8 Miscellaneous manufactured articles,2026-07-01,502.532,6.302665235602781,-0.2178949345199633,0.13488901841486634,439.11893594379,0.24910783993273955,FALSE
